#pragma once
#include "smooth_digits.h"

// Four-bit coverage text fonts generated from font.otf.
// Generated bitmap data; see the source font's license before redistribution.

static const char SMOOTH_LABEL_CHARS[] = "0123456789-%ABCDEFGHIJKLMNOPQRSTUVWXYZ";
static const SmoothGlyph SMOOTH_LABEL_GLYPHS[] PROGMEM = {
    {0, 8, 12, 0, -11, 8}, // 0
    {48, 4, 12, 0, -11, 4}, // 1
    {72, 8, 11, 0, -11, 8}, // 2
    {116, 8, 11, 0, -11, 8}, // 3
    {160, 7, 11, 0, -11, 7}, // 4
    {199, 8, 12, 0, -11, 8}, // 5
    {247, 8, 11, 0, -11, 8}, // 6
    {291, 7, 11, 0, -11, 7}, // 7
    {330, 8, 11, 0, -11, 8}, // 8
    {374, 8, 12, 0, -11, 8}, // 9
    {422, 4, 7, 0, -7, 4}, // -
    {436, 13, 11, 0, -11, 13}, // %
    {508, 8, 13, 0, -13, 7}, // A
    {560, 8, 11, 0, -11, 8}, // B
    {604, 8, 11, 0, -11, 7}, // C
    {648, 8, 11, 0, -11, 8}, // D
    {692, 8, 11, 0, -11, 8}, // E
    {736, 8, 12, 0, -12, 7}, // F
    {784, 8, 11, 0, -11, 8}, // G
    {828, 8, 11, 0, -11, 8}, // H
    {872, 3, 12, 0, -11, 3}, // I
    {890, 7, 11, 0, -11, 7}, // J
    {929, 8, 11, 0, -11, 8}, // K
    {973, 6, 11, 0, -11, 6}, // L
    {1006, 13, 12, 0, -12, 12}, // M
    {1084, 8, 11, 0, -11, 8}, // N
    {1128, 8, 12, 0, -11, 8}, // O
    {1176, 8, 11, 0, -11, 8}, // P
    {1220, 9, 12, 0, -11, 8}, // Q
    {1274, 8, 11, 0, -11, 8}, // R
    {1318, 8, 11, 0, -11, 8}, // S
    {1362, 7, 11, 0, -11, 7}, // T
    {1401, 8, 11, 0, -11, 8}, // U
    {1445, 8, 12, 0, -11, 7}, // V
    {1493, 13, 12, 0, -11, 12}, // W
    {1571, 8, 11, 0, -11, 7}, // X
    {1615, 7, 11, 0, -11, 7}, // Y
    {1654, 7, 11, 0, -11, 7}, // Z
};

static const uint8_t SMOOTH_LABEL_PIXELS[] PROGMEM = {
    0x5F, 0xFF, 0xFF, 0xF7, 0x5F, 0xFF, 0xFF, 0xF7, 0x5F, 0xFF, 0xFF, 0xF7, 0x5F, 0xB0, 0x09, 0xF7,
    0x5F, 0xB0, 0x09, 0xF7, 0x5F, 0xB0, 0x09, 0xF7, 0x5F, 0xB0, 0x09, 0xF7, 0x5F, 0xB0, 0x09, 0xF7,
    0x5F, 0xD7, 0x7C, 0xF7, 0x5F, 0xFF, 0xFF, 0xF7, 0x5F, 0xFF, 0xFF, 0xF7, 0x25, 0x55, 0x55, 0x52,
    0xBF, 0xD0, 0xBF, 0xD0, 0xBF, 0xD0, 0x4F, 0xD0, 0x4F, 0xD0, 0x4F, 0xD0, 0x4F, 0xD0, 0x4F, 0xD0,
    0x4F, 0xD0, 0x4F, 0xD0, 0x4F, 0xD0, 0x13, 0x30, 0x7F, 0xFF, 0xFF, 0xF4, 0x7F, 0xFF, 0xFF, 0xF4,
    0x7F, 0xFF, 0xFF, 0xF4, 0x7F, 0xA0, 0x0D, 0xF4, 0x02, 0x55, 0x5E, 0xF4, 0x2F, 0xFF, 0xFF, 0xF2,
    0x6F, 0xFD, 0xDD, 0x70, 0x7F, 0xA0, 0x00, 0x00, 0x7F, 0xFF, 0xFF, 0xF4, 0x7F, 0xFF, 0xFF, 0xF4,
    0x6C, 0xCC, 0xCC, 0xC3, 0x6C, 0xCC, 0xCB, 0x60, 0x7F, 0xFF, 0xFF, 0xF1, 0x7F, 0xFF, 0xFF, 0xF2,
    0x7F, 0x90, 0x0E, 0xF2, 0x00, 0x02, 0x9F, 0xF2, 0x00, 0x03, 0xFF, 0xE0, 0x00, 0x02, 0x9F, 0xF3,
    0x7F, 0x90, 0x0E, 0xF3, 0x7F, 0xFE, 0xEF, 0xF3, 0x7F, 0xFF, 0xFF, 0xF1, 0x6D, 0xDD, 0xDC, 0x60,
    0x00, 0x2F, 0xFC, 0x00, 0x08, 0xFF, 0xC0, 0x00, 0xEF, 0xFC, 0x00, 0x5F, 0xEF, 0xC0, 0x0B, 0xF8,
    0xFC, 0x02, 0xFD, 0x4F, 0xC0, 0x8F, 0x74, 0xFC, 0x0A, 0xFF, 0xFF, 0xFA, 0xAF, 0xFF, 0xFF, 0xA0,
    0x00, 0x4F, 0xC0, 0x00, 0x04, 0xFC, 0x00, 0x6F, 0xFF, 0xFF, 0xF4, 0x6F, 0xFF, 0xFF, 0xF4, 0x6F,
    0xFF, 0xFF, 0xF4, 0x6F, 0xA0, 0x00, 0x00, 0x6F, 0xD9, 0x99, 0x93, 0x6F, 0xFF, 0xFF, 0xF4, 0x6F,
    0xFF, 0xFF, 0xF4, 0x00, 0x00, 0x0C, 0xF4, 0x6F, 0xC4, 0x4E, 0xF4, 0x6F, 0xFF, 0xFF, 0xF4, 0x2F,
    0xFF, 0xFF, 0xE1, 0x03, 0x77, 0x77, 0x30, 0x0B, 0xFF, 0xFE, 0xB1, 0x4F, 0xFF, 0xFF, 0xF5, 0x5F,
    0xFC, 0xCF, 0xF6, 0x5F, 0xB0, 0x05, 0x73, 0x5F, 0xEC, 0xCC, 0x80, 0x5F, 0xFF, 0xFF, 0xF3, 0x5F,
    0xED, 0xDF, 0xF5, 0x5F, 0xA0, 0x0B, 0xF5, 0x5F, 0xEC, 0xCF, 0xF5, 0x5F, 0xFF, 0xFF, 0xF3, 0x5F,
    0xFF, 0xFF, 0xA0, 0x8C, 0xCC, 0xCC, 0x4A, 0xFF, 0xFF, 0xF5, 0xAF, 0xFF, 0xFE, 0x10, 0x00, 0xBF,
    0xA0, 0x00, 0x2F, 0xF4, 0x00, 0x08, 0xFD, 0x00, 0x00, 0xDF, 0x80, 0x00, 0x4F, 0xF2, 0x00, 0x0A,
    0xFB, 0x00, 0x01, 0xFF, 0x60, 0x00, 0x6F, 0xE1, 0x00, 0x00, 0x0B, 0xFF, 0xFE, 0xA0, 0x4F, 0xFF,
    0xFF, 0xF3, 0x5F, 0xFC, 0xCF, 0xF4, 0x5F, 0xB0, 0x0D, 0xF4, 0x4F, 0xEA, 0xAF, 0xF3, 0x1F, 0xFF,
    0xFF, 0xE1, 0x5F, 0xE9, 0x9E, 0xF4, 0x6F, 0xB0, 0x0C, 0xF5, 0x5F, 0xFC, 0xCF, 0xF4, 0x4F, 0xFF,
    0xFF, 0xF3, 0x0A, 0xEF, 0xFE, 0x90, 0x04, 0x88, 0x88, 0x82, 0x3F, 0xFF, 0xFF, 0xF4, 0x6F, 0xFF,
    0xFF, 0xF4, 0x6F, 0xC4, 0x4C, 0xF4, 0x6F, 0xD6, 0x6D, 0xF4, 0x6F, 0xFF, 0xFF, 0xF4, 0x2E, 0xFF,
    0xFF, 0xF4, 0x01, 0x44, 0x4D, 0xF4, 0x7F, 0xC5, 0x5E, 0xF4, 0x6F, 0xFF, 0xFF, 0xF3, 0x3F, 0xFF,
    0xFF, 0xE1, 0x03, 0x77, 0x77, 0x30, 0xBF, 0xFA, 0xBF, 0xFA, 0x34, 0x43, 0x00, 0x00, 0x00, 0x00,
    0x00, 0x00, 0x00, 0x00, 0x5F, 0xFF, 0x60, 0x00, 0x2E, 0xA0, 0x05, 0xC0, 0xB6, 0x00, 0x0C, 0xE1,
    0x00, 0x5C, 0x0B, 0x60, 0x07, 0xF5, 0x00, 0x05, 0xC0, 0xB6, 0x03, 0xF9, 0x00, 0x00, 0x5E, 0x8D,
    0x61, 0xDD, 0x10, 0x00, 0x04, 0xBB, 0xB4, 0x9F, 0x3B, 0xFF, 0xF0, 0x00, 0x00, 0x4F, 0x80, 0xB6,
    0x2F, 0x00, 0x00, 0x1D, 0xC0, 0x0B, 0x62, 0xF0, 0x00, 0x0A, 0xE2, 0x00, 0xB6, 0x2F, 0x00, 0x05,
    0xF6, 0x00, 0x0B, 0xCB, 0xF0, 0x02, 0xEB, 0x00, 0x00, 0xBF, 0xFF, 0x00, 0x00, 0x00, 0x00, 0x00,
    0x00, 0x05, 0x00, 0x00, 0x00, 0x0C, 0x20, 0x00, 0x00, 0x2F, 0x70, 0x00, 0x00, 0x6F, 0xB0, 0x00,
    0x00, 0xBF, 0xF1, 0x00, 0x01, 0xFF, 0xF5, 0x00, 0x05, 0xFD, 0xFA, 0x00, 0x0A, 0xF5, 0xEE, 0x00,
    0x0E, 0xF1, 0xAF, 0x40, 0x4F, 0xFF, 0xFF, 0x90, 0x9F, 0xFF, 0xFF, 0xD0, 0x89, 0x99, 0x99, 0x91,
    0x6F, 0xFF, 0xFF, 0xB0, 0x6F, 0xFF, 0xFF, 0xF3, 0x6F, 0xEB, 0xCF, 0xF4, 0x6F, 0xB0, 0x0C, 0xF4,
    0x6F, 0xEB, 0xBF, 0xF3, 0x6F, 0xFF, 0xFF, 0xE1, 0x6F, 0xEA, 0xAE, 0xF4, 0x6F, 0xB0, 0x0C, 0xF5,
    0x6F, 0xEB, 0xCF, 0xF5, 0x6F, 0xFF, 0xFF, 0xF3, 0x6F, 0xFF, 0xFE, 0x90, 0x0B, 0xFF, 0xFF, 0xF0,
    0x4F, 0xFF, 0xFF, 0xF0, 0x5F, 0xFC, 0xCC, 0xC0, 0x5F, 0xC0, 0x00, 0x00, 0x5F, 0xB0, 0x00, 0x00,
    0x5F, 0xB0, 0x00, 0x00, 0x5F, 0xB0, 0x00, 0x00, 0x5F, 0xC0, 0x00, 0x00, 0x5F, 0xFC, 0xCC, 0xC0,
    0x4F, 0xFF, 0xFF, 0xF0, 0x0B, 0xFF, 0xFF, 0xF0, 0x5F, 0xFF, 0xFE, 0x90, 0x5F, 0xFF, 0xFF, 0xF2,
    0x5F, 0xEC, 0xDF, 0xF3, 0x5F, 0xB0, 0x0E, 0xF4, 0x5F, 0xB0, 0x0D, 0xF4, 0x5F, 0xB0, 0x0D, 0xF4,
    0x5F, 0xB0, 0x0D, 0xF4, 0x5F, 0xB0, 0x0D, 0xF4, 0x5F, 0xEC, 0xDF, 0xF4, 0x5F, 0xFF, 0xFF, 0xF2,
    0x5F, 0xFF, 0xFE, 0xA0, 0x5F, 0xFF, 0xFF, 0xF4, 0x5F, 0xFF, 0xFF, 0xF4, 0x5F, 0xFF, 0xFF, 0xF4,
    0x5F, 0xB0, 0x00, 0x00, 0x5F, 0xFF, 0xF7, 0x00, 0x5F, 0xFF, 0xF7, 0x00, 0x5F, 0xFF, 0xF7, 0x00,
    0x5F, 0xB0, 0x00, 0x00, 0x5F, 0xFF, 0xFF, 0xF4, 0x5F, 0xFF, 0xFF, 0xF4, 0x4C, 0xCC, 0xCC, 0xC3,
    0x01, 0x11, 0x11, 0x10, 0x5F, 0xFF, 0xFF, 0xF4, 0x5F, 0xFF, 0xFF, 0xF4, 0x5F, 0xEB, 0xBB, 0xB3,
    0x5F, 0xB0, 0x00, 0x00, 0x5F, 0xFF, 0xF5, 0x00, 0x5F, 0xFF, 0xF5, 0x00, 0x5F, 0xFF, 0xF5, 0x00,
    0x5F, 0xB0, 0x00, 0x00, 0x5F, 0xB0, 0x00, 0x00, 0x5F, 0xB0, 0x00, 0x00, 0x5F, 0xB0, 0x00, 0x00,
    0x5F, 0xFF, 0xFF, 0xF4, 0x5F, 0xFF, 0xFF, 0xF4, 0x5F, 0xFF, 0xFF, 0xF4, 0x5F, 0xB0, 0x00, 0x00,
    0x5F, 0xB8, 0xFF, 0xF4, 0x5F, 0xB8, 0xFF, 0xF4, 0x5F, 0xB8, 0xFF, 0xF4, 0x5F, 0xB0, 0x0D, 0xF4,
    0x5F, 0xFF, 0xFF, 0xF4, 0x5F, 0xFF, 0xFF, 0xF4, 0x4C, 0xCC, 0xCC, 0xC3, 0x5F, 0xB0, 0x0D, 0xF4,
    0x5F, 0xB0, 0x0D, 0xF4, 0x5F, 0xB0, 0x0D, 0xF4, 0x5F, 0xB0, 0x0D, 0xF4, 0x5F, 0xFF, 0xFF, 0xF4,
    0x5F, 0xFF, 0xFF, 0xF4, 0x5F, 0xFF, 0xFF, 0xF4, 0x5F, 0xB0, 0x0D, 0xF4, 0x5F, 0xB0, 0x0D, 0xF4,
    0x5F, 0xB0, 0x0D, 0xF4, 0x5F, 0xB0, 0x0D, 0xF4, 0x5F, 0xB5, 0xFB, 0x5F, 0xB5, 0xFB, 0x5F, 0xB5,
    0xFB, 0x5F, 0xB5, 0xFB, 0x5F, 0xB5, 0xFB, 0x5F, 0xB0, 0x00, 0x00, 0x02, 0xFF, 0x00, 0x00, 0x2F,
    0xF0, 0x00, 0x02, 0xFF, 0x00, 0x00, 0x2F, 0xF0, 0x00, 0x02, 0xFF, 0x00, 0x00, 0x2F, 0xF0, 0x00,
    0x02, 0xFF, 0x00, 0x00, 0x4F, 0xF0, 0xAC, 0xDF, 0xFD, 0x0C, 0xFF, 0xFF, 0x90, 0xCF, 0xFD, 0xA1,
    0x00, 0x5F, 0xB0, 0x0D, 0xF6, 0x5F, 0xB0, 0x6F, 0xD0, 0x5F, 0xB0, 0xDF, 0x50, 0x5F, 0xB6, 0xFC,
    0x00, 0x5F, 0xCD, 0xF5, 0x00, 0x5F, 0xFF, 0xFF, 0x90, 0x5F, 0xFE, 0xEF, 0xF3, 0x5F, 0xB0, 0x0C,
    0xF5, 0x5F, 0xB0, 0x0B, 0xF5, 0x5F, 0xB0, 0x0B, 0xF5, 0x5F, 0xB0, 0x0B, 0xF5, 0x5F, 0xB0, 0x00,
    0x5F, 0xB0, 0x00, 0x5F, 0xB0, 0x00, 0x5F, 0xB0, 0x00, 0x5F, 0xB0, 0x00, 0x5F, 0xB0, 0x00, 0x5F,
    0xB0, 0x00, 0x5F, 0xB0, 0x00, 0x5F, 0xFF, 0xF9, 0x5F, 0xFF, 0xF9, 0x4C, 0xCC, 0xC7, 0x00, 0x05,
    0x00, 0x00, 0x23, 0x00, 0x00, 0x00, 0xC2, 0x00, 0x07, 0x70, 0x00, 0x00, 0x1F, 0x70, 0x00, 0xCB,
    0x00, 0x00, 0x06, 0xFC, 0x00, 0x2F, 0xF1, 0x00, 0x00, 0xAF, 0xF2, 0x08, 0xFF, 0x50, 0x00, 0x0E,
    0xFF, 0x70, 0xDF, 0xF9, 0x00, 0x04, 0xFF, 0xFC, 0x3F, 0xFF, 0xD0, 0x00, 0x9F, 0x8F, 0xFA, 0xFA,
    0xDF, 0x20, 0x0D, 0xF2, 0xCF, 0xFF, 0x59, 0xF6, 0x03, 0xFD, 0x07, 0xFF, 0xE1, 0x6F, 0xA0, 0x7F,
    0x90, 0x3F, 0xFA, 0x02, 0xFE, 0x0C, 0xF5, 0x00, 0xDF, 0x50, 0x0D, 0xF4, 0x5F, 0xFF, 0xFF, 0xF7,
    0x5F, 0xFF, 0xFF, 0xF7, 0x5F, 0xFF, 0xFF, 0xF7, 0x5F, 0xB0, 0x09, 0xF7, 0x5F, 0xB0, 0x09, 0xF7,
    0x5F, 0xB0, 0x09, 0xF7, 0x5F, 0xB0, 0x09, 0xF7, 0x5F, 0xB0, 0x09, 0xF7, 0x5F, 0xB0, 0x09, 0xF7,
    0x5F, 0xB0, 0x09, 0xF7, 0x5F, 0xB0, 0x09, 0xF7, 0x5F, 0xFF, 0xFF, 0xF7, 0x5F, 0xFF, 0xFF, 0xF7,
    0x5F, 0xFF, 0xFF, 0xF7, 0x5F, 0xB0, 0x09, 0xF7, 0x5F, 0xB0, 0x09, 0xF7, 0x5F, 0xB0, 0x09, 0xF7,
    0x5F, 0xB0, 0x09, 0xF7, 0x5F, 0xB0, 0x09, 0xF7, 0x5F, 0xD7, 0x7C, 0xF7, 0x5F, 0xFF, 0xFF, 0xF7,
    0x5F, 0xFF, 0xFF, 0xF7, 0x25, 0x55, 0x55, 0x52, 0x5F, 0xFF, 0xFF, 0xF4, 0x5F, 0xFF, 0xFF, 0xF4,
    0x5F, 0xFF, 0xFF, 0xF4, 0x5F, 0xB0, 0x0B, 0xF4, 0x5F, 0xC3, 0x3C, 0xF4, 0x5F, 0xFF, 0xFF, 0xF4,
    0x5F, 0xFF, 0xFF, 0xF4, 0x5F, 0xD7, 0x77, 0x72, 0x5F, 0xB0, 0x00, 0x00, 0x5F, 0xB0, 0x00, 0x00,
    0x5F, 0xB0, 0x00, 0x00, 0x5F, 0xFF, 0xFF, 0xF4, 0x05, 0xFF, 0xFF, 0xFF, 0x40, 0x5F, 0xFF, 0xFF,
    0xF4, 0x05, 0xFB, 0x00, 0xDF, 0x40, 0x5F, 0xB0, 0x0D, 0xF4, 0x05, 0xFB, 0x00, 0xDF, 0x40, 0x5F,
    0xB0, 0x0D, 0xF4, 0x05, 0xFB, 0x00, 0xDF, 0x40, 0x5F, 0xE9, 0x9E, 0xFA, 0x34, 0xFF, 0xFF, 0xFF,
    0xF5, 0x1E, 0xFF, 0xFF, 0xFF, 0x50, 0x13, 0x33, 0x33, 0x31, 0x6F, 0xFF, 0xFF, 0xF2, 0x6F, 0xFF,
    0xFF, 0xF2, 0x6F, 0xFF, 0xFF, 0xF2, 0x6F, 0xB0, 0x0D, 0xF2, 0x6F, 0xB0, 0x0D, 0xF2, 0x6F, 0xFF,
    0xFF, 0xD0, 0x6F, 0xFF, 0xFF, 0xF2, 0x6F, 0xD7, 0x7F, 0xF3, 0x6F, 0xB0, 0x0D, 0xF3, 0x6F, 0xB0,
    0x0D, 0xF3, 0x6F, 0xB0, 0x0D, 0xF3, 0x7F, 0xFF, 0xFF, 0x80, 0x7F, 0xFF, 0xFF, 0x80, 0x7F, 0xFF,
    0xFF, 0x80, 0x7F, 0xA0, 0x00, 0x00, 0x6F, 0xEB, 0xBA, 0x50, 0x4F, 0xFF, 0xFF, 0xF1, 0x07, 0xAB,
    0xBF, 0xF3, 0x00, 0x00, 0x0D, 0xF4, 0x7F, 0xFF, 0xFF, 0xF4, 0x7F, 0xFF, 0xFF, 0xF4, 0x5C, 0xCC,
    0xCC, 0xC3, 0xBF, 0xFF, 0xFF, 0x5B, 0xFF, 0xFF, 0xF5, 0xBF, 0xFF, 0xFF, 0x50, 0x0C, 0xF4, 0x00,
    0x00, 0xCF, 0x40, 0x00, 0x0C, 0xF4, 0x00, 0x00, 0xCF, 0x40, 0x00, 0x0C, 0xF4, 0x00, 0x00, 0xCF,
    0x40, 0x00, 0x0C, 0xF4, 0x00, 0x00, 0xCF, 0x40, 0x00, 0x5F, 0xB0, 0x07, 0xFA, 0x5F, 0xB0, 0x07,
    0xFA, 0x5F, 0xB0, 0x07, 0xFA, 0x5F, 0xB0, 0x07, 0xFA, 0x5F, 0xB0, 0x07, 0xFA, 0x5F, 0xB0, 0x07,
    0xFA, 0x5F, 0xB0, 0x07, 0xFA, 0x5F, 0xB0, 0x07, 0xFA, 0x5F, 0xFF, 0xFF, 0xFA, 0x5F, 0xFF, 0xFF,
    0xFA, 0x4C, 0xCC, 0xCC, 0xC8, 0xCF, 0x50, 0x1F, 0xF1, 0x7F, 0x90, 0x5F, 0xC0, 0x2F, 0xD0, 0x9F,
    0x70, 0x0D, 0xF2, 0xEF, 0x20, 0x08, 0xF9, 0xFD, 0x00, 0x04, 0xFF, 0xF8, 0x00, 0x00, 0xEF, 0xF3,
    0x00, 0x00, 0xAF, 0xE0, 0x00, 0x00, 0x5F, 0x90, 0x00, 0x00, 0x1F, 0x40, 0x00, 0x00, 0x0A, 0x00,
    0x00, 0x00, 0x02, 0x00, 0x00, 0xCF, 0x70, 0x0E, 0xF7, 0x00, 0xEF, 0x38, 0xFA, 0x04, 0xFF, 0xB0,
    0x4F, 0xE0, 0x3F, 0xE0, 0x9F, 0xFF, 0x18, 0xF9, 0x00, 0xEF, 0x3E, 0xFF, 0xF5, 0xCF, 0x50, 0x0A,
    0xFA, 0xFE, 0x9F, 0xAF, 0xF1, 0x00, 0x6F, 0xFF, 0x94, 0xFF, 0xFB, 0x00, 0x02, 0xFF, 0xF4, 0x0E,
    0xFF, 0x60, 0x00, 0x0D, 0xFE, 0x00, 0xAF, 0xF2, 0x00, 0x00, 0x9F, 0x90, 0x05, 0xFD, 0x00, 0x00,
    0x05, 0xF4, 0x00, 0x1E, 0x80, 0x00, 0x00, 0x1D, 0x00, 0x00, 0xA4, 0x00, 0x00, 0x00, 0x50, 0x00,
    0x04, 0x00, 0x00, 0x9F, 0xC0, 0x6F, 0xC0, 0x3F, 0xF3, 0xBF, 0x70, 0x0C, 0xFA, 0xFF, 0x10, 0x06,
    0xFF, 0xFB, 0x00, 0x01, 0xFF, 0xF5, 0x00, 0x00, 0xDF, 0xF2, 0x00, 0x03, 0xFF, 0xF7, 0x00, 0x09,
    0xFF, 0xFC, 0x00, 0x0E, 0xF9, 0xFF, 0x20, 0x4F, 0xE1, 0xEF, 0x80, 0xAF, 0xA0, 0xAF, 0xD0, 0xCF,
    0x70, 0x7F, 0xA6, 0xFC, 0x0C, 0xF4, 0x1E, 0xF5, 0xFD, 0x00, 0xAF, 0xEF, 0x80, 0x04, 0xFF, 0xF2,
    0x00, 0x0D, 0xFB, 0x00, 0x00, 0xAF, 0x70, 0x00, 0x09, 0xF7, 0x00, 0x00, 0x9F, 0x70, 0x00, 0x09,
    0xF7, 0x00, 0x00, 0x9F, 0x70, 0x00, 0xAF, 0xFF, 0xFF, 0x3A, 0xFF, 0xFF, 0xF3, 0xAF, 0xFF, 0xFE,
    0x10, 0x00, 0xBF, 0x70, 0x00, 0x5F, 0xE1, 0x00, 0x0D, 0xF6, 0x00, 0x07, 0xFD, 0x00, 0x01, 0xEF,
    0x50, 0x00, 0x8F, 0xFF, 0xFF, 0x4A, 0xFF, 0xFF, 0xF4, 0x8C, 0xCC, 0xCC, 0x30,
};

static const char SMOOTH_TITLE_CHARS[] = "0123456789-%ABCDEFGHIJKLMNOPQRSTUVWXYZ";
static const SmoothGlyph SMOOTH_TITLE_GLYPHS[] PROGMEM = {
    {0, 14, 19, 0, -19, 14}, // 0
    {133, 6, 20, 0, -19, 6}, // 1
    {193, 14, 19, 0, -19, 14}, // 2
    {326, 14, 20, 0, -20, 14}, // 3
    {466, 12, 19, 0, -19, 12}, // 4
    {580, 14, 20, 0, -19, 14}, // 5
    {720, 14, 20, 0, -20, 14}, // 6
    {860, 12, 19, 0, -19, 12}, // 7
    {974, 14, 20, 0, -20, 14}, // 8
    {1114, 14, 21, 0, -20, 14}, // 9
    {1261, 7, 11, 0, -11, 7}, // -
    {1300, 22, 19, 0, -19, 22}, // %
    {1509, 13, 21, 0, -21, 13}, // A
    {1646, 14, 20, 0, -20, 14}, // B
    {1786, 13, 20, 0, -20, 13}, // C
    {1916, 14, 20, 0, -20, 14}, // D
    {2056, 13, 19, 0, -19, 13}, // E
    {2180, 13, 20, 0, -20, 13}, // F
    {2310, 14, 19, 0, -19, 14}, // G
    {2443, 14, 19, 0, -19, 14}, // H
    {2576, 6, 20, 0, -19, 6}, // I
    {2636, 12, 20, 0, -20, 12}, // J
    {2756, 14, 19, 0, -19, 14}, // K
    {2889, 10, 19, 0, -19, 10}, // L
    {2984, 22, 20, 0, -20, 22}, // M
    {3204, 14, 19, 0, -19, 14}, // N
    {3337, 14, 19, 0, -19, 14}, // O
    {3470, 14, 19, 0, -19, 14}, // P
    {3603, 15, 20, 0, -19, 15}, // Q
    {3753, 14, 19, 0, -19, 14}, // R
    {3886, 14, 19, 0, -19, 14}, // S
    {4019, 12, 19, 0, -19, 12}, // T
    {4133, 15, 19, 0, -19, 15}, // U
    {4276, 13, 21, 0, -19, 13}, // V
    {4413, 22, 20, 0, -19, 22}, // W
    {4633, 13, 19, 0, -19, 13}, // X
    {4757, 13, 19, 0, -19, 12}, // Y
    {4881, 12, 19, 0, -19, 12}, // Z
};

static const uint8_t SMOOTH_TITLE_PIXELS[] PROGMEM = {
    0x0D, 0xFF, 0xFF, 0xFF, 0xFF, 0xFF, 0xF1, 0x0D, 0xFF, 0xFF, 0xFF, 0xFF, 0xFF, 0xF1, 0x0D, 0xFF,
    0xFF, 0xFF, 0xFF, 0xFF, 0xF1, 0x0D, 0xFF, 0xFF, 0xFF, 0xFF, 0xFF, 0xF1, 0x0D, 0xFF, 0xD0, 0x00,
    0x09, 0xFF, 0xF1, 0x0D, 0xFF, 0xD0, 0x00, 0x09, 0xFF, 0xF1, 0x0D, 0xFF, 0xD0, 0x00, 0x09, 0xFF,
    0xF1, 0x0D, 0xFF, 0xD0, 0x00, 0x09, 0xFF, 0xF1, 0x0D, 0xFF, 0xD0, 0x00, 0x09, 0xFF, 0xF1, 0x0D,
    0xFF, 0xD0, 0x00, 0x09, 0xFF, 0xF1, 0x0D, 0xFF, 0xD0, 0x00, 0x09, 0xFF, 0xF1, 0x0D, 0xFF, 0xD0,
    0x00, 0x09, 0xFF, 0xF1, 0x0D, 0xFF, 0xD0, 0x00, 0x09, 0xFF, 0xF1, 0x0D, 0xFF, 0xE6, 0x66, 0x6B,
    0xFF, 0xF1, 0x0D, 0xFF, 0xFF, 0xFF, 0xFF, 0xFF, 0xF1, 0x0D, 0xFF, 0xFF, 0xFF, 0xFF, 0xFF, 0xF1,
    0x0D, 0xFF, 0xFF, 0xFF, 0xFF, 0xFF, 0xF1, 0x0D, 0xFF, 0xFF, 0xFF, 0xFF, 0xFF, 0xF1, 0x07, 0x88,
    0x88, 0x88, 0x88, 0x88, 0x80, 0x9F, 0xFF, 0xF0, 0x9F, 0xFF, 0xF0, 0x9F, 0xFF, 0xF0, 0x9F, 0xFF,
    0xF0, 0x9F, 0xFF, 0xF0, 0x0A, 0xFF, 0xF0, 0x0A, 0xFF, 0xF0, 0x0A, 0xFF, 0xF0, 0x0A, 0xFF, 0xF0,
    0x0A, 0xFF, 0xF0, 0x0A, 0xFF, 0xF0, 0x0A, 0xFF, 0xF0, 0x0A, 0xFF, 0xF0, 0x0A, 0xFF, 0xF0, 0x0A,
    0xFF, 0xF0, 0x0A, 0xFF, 0xF0, 0x0A, 0xFF, 0xF0, 0x0A, 0xFF, 0xF0, 0x0A, 0xFF, 0xF0, 0x04, 0x66,
    0x60, 0x0F, 0xFF, 0xFF, 0xFF, 0xFF, 0xFF, 0xA0, 0x0F, 0xFF, 0xFF, 0xFF, 0xFF, 0xFF, 0xA0, 0x0F,
    0xFF, 0xFF, 0xFF, 0xFF, 0xFF, 0xA0, 0x0F, 0xFF, 0xFF, 0xFF, 0xFF, 0xFF, 0xA0, 0x0F, 0xFF, 0x90,
    0x00, 0x0F, 0xFF, 0xA0, 0x0F, 0xFF, 0x90, 0x00, 0x0F, 0xFF, 0xA0, 0x00, 0x00, 0x00, 0x00, 0x0F,
    0xFF, 0xA0, 0x00, 0x38, 0xAA, 0xAA, 0xBF, 0xFF, 0xA0, 0x04, 0xFF, 0xFF, 0xFF, 0xFF, 0xFF, 0x90,
    0x0B, 0xFF, 0xFF, 0xFF, 0xFF, 0xFF, 0x60, 0x0E, 0xFF, 0xFF, 0xFF, 0xFF, 0xFD, 0x00, 0x0F, 0xFF,
    0xFC, 0xCC, 0xCB, 0x81, 0x00, 0x0F, 0xFF, 0xA0, 0x00, 0x00, 0x00, 0x00, 0x0F, 0xFF, 0x90, 0x00,
    0x00, 0x00, 0x00, 0x0F, 0xFF, 0xFF, 0xFF, 0xFF, 0xFF, 0xA0, 0x0F, 0xFF, 0xFF, 0xFF, 0xFF, 0xFF,
    0xA0, 0x0F, 0xFF, 0xFF, 0xFF, 0xFF, 0xFF, 0xA0, 0x0F, 0xFF, 0xFF, 0xFF, 0xFF, 0xFF, 0xA0, 0x0E,
    0xEE, 0xEE, 0xEE, 0xEE, 0xEE, 0x90, 0x1A, 0xAA, 0xAA, 0xAA, 0xA9, 0x71, 0x00, 0x2F, 0xFF, 0xFF,
    0xFF, 0xFF, 0xFD, 0x00, 0x2F, 0xFF, 0xFF, 0xFF, 0xFF, 0xFF, 0x50, 0x2F, 0xFF, 0xFF, 0xFF, 0xFF,
    0xFF, 0x70, 0x2F, 0xFF, 0xFF, 0xFF, 0xFF, 0xFF, 0x80, 0x2F, 0xFF, 0xA3, 0x33, 0x7F, 0xFF, 0x80,
    0x2F, 0xFF, 0x80, 0x00, 0x1F, 0xFF, 0x80, 0x00, 0x00, 0x00, 0x12, 0x5F, 0xFF, 0x80, 0x00, 0x00,
    0x00, 0x5F, 0xFF, 0xFF, 0x70, 0x00, 0x00, 0x00, 0x5F, 0xFF, 0xFE, 0x20, 0x00, 0x00, 0x00, 0x5F,
    0xFF, 0xFE, 0x30, 0x00, 0x00, 0x00, 0x5F, 0xFF, 0xFF, 0x80, 0x00, 0x00, 0x00, 0x12, 0x4F, 0xFF,
    0x90, 0x2F, 0xFF, 0x80, 0x00, 0x1F, 0xFF, 0x90, 0x2F, 0xFF, 0x92, 0x22, 0x6F, 0xFF, 0x90, 0x2F,
    0xFF, 0xFF, 0xFF, 0xFF, 0xFF, 0x90, 0x2F, 0xFF, 0xFF, 0xFF, 0xFF, 0xFF, 0x80, 0x2F, 0xFF, 0xFF,
    0xFF, 0xFF, 0xFF, 0x50, 0x2F, 0xFF, 0xFF, 0xFF, 0xFF, 0xFD, 0x10, 0x1B, 0xBB, 0xBB, 0xBB, 0xAA,
    0x71, 0x00, 0x00, 0x00, 0x0C, 0xFF, 0xFF, 0x20, 0x00, 0x00, 0x3F, 0xFF, 0xFF, 0x20, 0x00, 0x00,
    0x9F, 0xFF, 0xFF, 0x20, 0x00, 0x01, 0xFF, 0xFF, 0xFF, 0x20, 0x00, 0x07, 0xFF, 0xFF, 0xFF, 0x20,
    0x00, 0x0D, 0xFF, 0xFF, 0xFF, 0x20, 0x00, 0x4F, 0xFF, 0xBF, 0xFF, 0x20, 0x00, 0xBF, 0xFC, 0x8F,
    0xFF, 0x20, 0x02, 0xFF, 0xF6, 0x8F, 0xFF, 0x20, 0x08, 0xFF, 0xE0, 0x8F, 0xFF, 0x20, 0x1E, 0xFF,
    0x80, 0x8F, 0xFF, 0x20, 0x5F, 0xFF, 0x20, 0x8F, 0xFF, 0x20, 0x7F, 0xFF, 0xFF, 0xFF, 0xFF, 0xFB,
    0x7F, 0xFF, 0xFF, 0xFF, 0xFF, 0xFB, 0x7F, 0xFF, 0xFF, 0xFF, 0xFF, 0xFB, 0x7F, 0xFF, 0xFF, 0xFF,
    0xFF, 0xFB, 0x00, 0x00, 0x00, 0x8F, 0xFF, 0x20, 0x00, 0x00, 0x00, 0x8F, 0xFF, 0x20, 0x00, 0x00,
    0x00, 0x8F, 0xFF, 0x20, 0x0F, 0xFF, 0xFF, 0xFF, 0xFF, 0xFF, 0xB0, 0x0F, 0xFF, 0xFF, 0xFF, 0xFF,
    0xFF, 0xB0, 0x0F, 0xFF, 0xFF, 0xFF, 0xFF, 0xFF, 0xB0, 0x0F, 0xFF, 0xFF, 0xFF, 0xFF, 0xFF, 0xB0,
    0x0F, 0xFF, 0xFF, 0xFF, 0xFF, 0xFF, 0xB0, 0x0F, 0xFF, 0xB0, 0x00, 0x00, 0x00, 0x00, 0x0F, 0xFF,
    0xB0, 0x00, 0x00, 0x00, 0x00, 0x0F, 0xFF, 0xD9, 0x99, 0x99, 0x99, 0x70, 0x0F, 0xFF, 0xFF, 0xFF,
    0xFF, 0xFF, 0xB0, 0x0F, 0xFF, 0xFF, 0xFF, 0xFF, 0xFF, 0xB0, 0x0F, 0xFF, 0xFF, 0xFF, 0xFF, 0xFF,
    0xB0, 0x0F, 0xFF, 0xFF, 0xFF, 0xFF, 0xFF, 0xB0, 0x00, 0x00, 0x00, 0x00, 0x0E, 0xFF, 0xB0, 0x0F,
    0xFF, 0xC0, 0x00, 0x0E, 0xFF, 0xB0, 0x0E, 0xFF, 0xFC, 0xBB, 0xCF, 0xFF, 0xB0, 0x0D, 0xFF, 0xFF,
    0xFF, 0xFF, 0xFF, 0xA0, 0x0C, 0xFF, 0xFF, 0xFF, 0xFF, 0xFF, 0x90, 0x07, 0xFF, 0xFF, 0xFF, 0xFF,
    0xFF, 0x40, 0x00, 0x9E, 0xFF, 0xFF, 0xFF, 0xE7, 0x00, 0x00, 0x00, 0x11, 0x11, 0x11, 0x00, 0x00,
    0x00, 0x02, 0x34, 0x44, 0x43, 0x10, 0x00, 0x01, 0xBF, 0xFF, 0xFF, 0xFF, 0xFB, 0x10, 0x07, 0xFF,
    0xFF, 0xFF, 0xFF, 0xFF, 0x90, 0x0B, 0xFF, 0xFF, 0xFF, 0xFF, 0xFF, 0xC0, 0x0C, 0xFF, 0xFF, 0xFF,
    0xFF, 0xFF, 0xD0, 0x0D, 0xFF, 0xFA, 0xAA, 0xBF, 0xFF, 0xE0, 0x0D, 0xFF, 0xD0, 0x00, 0x0A, 0xCC,
    0xB0, 0x0D, 0xFF, 0xC0, 0x00, 0x00, 0x00, 0x00, 0x0D, 0xFF, 0xFD, 0xDD, 0xDD, 0xC7, 0x00, 0x0D,
    0xFF, 0xFF, 0xFF, 0xFF, 0xFF, 0x50, 0x0D, 0xFF, 0xFF, 0xFF, 0xFF, 0xFF, 0xA0, 0x0D, 0xFF, 0xFF,
    0xFF, 0xFF, 0xFF, 0xC0, 0x0D, 0xFF, 0xEC, 0xCC, 0xCF, 0xFF, 0xD0, 0x0D, 0xFF, 0xA0, 0x00, 0x0D,
    0xFF, 0xD0, 0x0D, 0xFF, 0xA0, 0x00, 0x0D, 0xFF, 0xD0, 0x0D, 0xFF, 0xED, 0xDD, 0xEF, 0xFF, 0xC0,
    0x0D, 0xFF, 0xFF, 0xFF, 0xFF, 0xFF, 0xB0, 0x0D, 0xFF, 0xFF, 0xFF, 0xFF, 0xFF, 0xA0, 0x0D, 0xFF,
    0xFF, 0xFF, 0xFF, 0xFF, 0x40, 0x0D, 0xFF, 0xFF, 0xFF, 0xFE, 0xD6, 0x00, 0x5D, 0xDD, 0xDD, 0xDD,
    0xDD, 0xD1, 0x6F, 0xFF, 0xFF, 0xFF, 0xFF, 0xF1, 0x6F, 0xFF, 0xFF, 0xFF, 0xFF, 0xF1, 0x6F, 0xFF,
    0xFF, 0xFF, 0xFF, 0xC0, 0x6F, 0xFF, 0xFF, 0xFF, 0xFF, 0x60, 0x00, 0x00, 0x03, 0xFF, 0xFE, 0x10,
    0x00, 0x00, 0x08, 0xFF, 0xFA, 0x00, 0x00, 0x00, 0x0E, 0xFF, 0xF4, 0x00, 0x00, 0x00, 0x5F, 0xFF,
    0xD0, 0x00, 0x00, 0x00, 0xAF, 0xFF, 0x80, 0x00, 0x00, 0x01, 0xFF, 0xFF, 0x20, 0x00, 0x00, 0x07,
    0xFF, 0xFB, 0x00, 0x00, 0x00, 0x0C, 0xFF, 0xF6, 0x00, 0x00, 0x00, 0x3F, 0xFF, 0xE1, 0x00, 0x00,
    0x00, 0x9F, 0xFF, 0xA0, 0x00, 0x00, 0x00, 0xEF, 0xFF, 0x40, 0x00, 0x00, 0x05, 0xFF, 0xFD, 0x00,
    0x00, 0x00, 0x0B, 0xFF, 0xF8, 0x00, 0x00, 0x00, 0x2F, 0xFF, 0xF2, 0x00, 0x00, 0x00, 0x00, 0x02,
    0x34, 0x44, 0x43, 0x10, 0x00, 0x01, 0xBF, 0xFF, 0xFF, 0xFF, 0xFA, 0x00, 0x07, 0xFF, 0xFF, 0xFF,
    0xFF, 0xFF, 0x50, 0x0A, 0xFF, 0xFF, 0xFF, 0xFF, 0xFF, 0x80, 0x0C, 0xFF, 0xFF, 0xFF, 0xFF, 0xFF,
    0xA0, 0x0C, 0xFF, 0xFA, 0x99, 0xBF, 0xFF, 0xA0, 0x0C, 0xFF, 0xC0, 0x00, 0x0E, 0xFF, 0xA0, 0x0C,
    0xFF, 0xC0, 0x00, 0x0E, 0xFF, 0xA0, 0x0C, 0xFF, 0xFA, 0xAA, 0xBF, 0xFF, 0xA0, 0x09, 0xFF, 0xFF,
    0xFF, 0xFF, 0xFF, 0x70, 0x04, 0xFF, 0xFF, 0xFF, 0xFF, 0xFF, 0x20, 0x0C, 0xFF, 0xFF, 0xFF, 0xFF,
    0xFF, 0xA0, 0x0E, 0xFF, 0xE5, 0x55, 0x6F, 0xFF, 0xC0, 0x0E, 0xFF, 0xB0, 0x00, 0x0D, 0xFF, 0xC0,
    0x0E, 0xFF, 0xD0, 0x00, 0x0F, 0xFF, 0xC0, 0x0E, 0xFF, 0xFE, 0xDD, 0xEF, 0xFF, 0xC0, 0x0D, 0xFF,
    0xFF, 0xFF, 0xFF, 0xFF, 0xB0, 0x0B, 0xFF, 0xFF, 0xFF, 0xFF, 0xFF, 0x90, 0x06, 0xFF, 0xFF, 0xFF,
    0xFF, 0xFF, 0x40, 0x00, 0x6C, 0xEF, 0xFF, 0xFE, 0xC5, 0x00, 0x00, 0x01, 0x33, 0x33, 0x33, 0x33,
    0x20, 0x01, 0xAF, 0xFF, 0xFF, 0xFF, 0xFF, 0xB0, 0x07, 0xFF, 0xFF, 0xFF, 0xFF, 0xFF, 0xB0, 0x0C,
    0xFF, 0xFF, 0xFF, 0xFF, 0xFF, 0xB0, 0x0D, 0xFF, 0xFF, 0xFF, 0xFF, 0xFF, 0xB0, 0x0E, 0xFF, 0xFB,
    0xAA, 0xAE, 0xFF, 0xB0, 0x0F, 0xFF, 0xA0, 0x00, 0x0B, 0xFF, 0xB0, 0x0F, 0xFF, 0xB0, 0x00, 0x0B,
    0xFF, 0xB0, 0x0F, 0xFF, 0xFF, 0xFF, 0xFF, 0xFF, 0xB0, 0x0E, 0xFF, 0xFF, 0xFF, 0xFF, 0xFF, 0xB0,
    0x0C, 0xFF, 0xFF, 0xFF, 0xFF, 0xFF, 0xB0, 0x05, 0xFF, 0xFF, 0xFF, 0xFF, 0xFF, 0xB0, 0x00, 0x59,
    0xAA, 0xAA, 0xAF, 0xFF, 0xB0, 0x00, 0x00, 0x00, 0x00, 0x0F, 0xFF, 0xB0, 0x0F, 0xFF, 0xB0, 0x00,
    0x1F, 0xFF, 0xB0, 0x0F, 0xFF, 0xFD, 0xDD, 0xEF, 0xFF, 0xB0, 0x0E, 0xFF, 0xFF, 0xFF, 0xFF, 0xFF,
    0xA0, 0x0D, 0xFF, 0xFF, 0xFF, 0xFF, 0xFF, 0x80, 0x08, 0xFF, 0xFF, 0xFF, 0xFF, 0xFF, 0x40, 0x01,
    0x9E, 0xFF, 0xFF, 0xFF, 0xE7, 0x00, 0x00, 0x00, 0x11, 0x11, 0x10, 0x00, 0x00, 0x8F, 0xFF, 0xFF,
    0x78, 0xFF, 0xFF, 0xF7, 0x8F, 0xFF, 0xFF, 0x78, 0xFF, 0xFF, 0xF7, 0x00, 0x00, 0x00, 0x00, 0x00,
    0x00, 0x00, 0x00, 0x00, 0x00, 0x00, 0x00, 0x00, 0x00, 0x00, 0x00, 0x00, 0x00, 0x00, 0x00, 0x00,
    0x00, 0x00, 0x00, 0x00, 0x0D, 0xFF, 0xFF, 0xFA, 0x00, 0x00, 0x00, 0x03, 0xFF, 0xE1, 0x00, 0x0D,
    0xFF, 0xFF, 0xFA, 0x00, 0x00, 0x00, 0x0C, 0xFF, 0x40, 0x00, 0x0D, 0xF2, 0x05, 0xFA, 0x00, 0x00,
    0x00, 0x8F, 0xF9, 0x00, 0x00, 0x0D, 0xF2, 0x05, 0xFA, 0x00, 0x00, 0x04, 0xFF, 0xD0, 0x00, 0x00,
    0x0D, 0xF2, 0x05, 0xFA, 0x00, 0x00, 0x1D, 0xFF, 0x30, 0x00, 0x00, 0x0D, 0xF2, 0x05, 0xFA, 0x00,
    0x00, 0xAF, 0xF7, 0x00, 0x00, 0x00, 0x0D, 0xF2, 0x05, 0xFA, 0x00, 0x06, 0xFF, 0xB0, 0x00, 0x00,
    0x00, 0x0D, 0xFC, 0xCD, 0xFA, 0x00, 0x2E, 0xFE, 0x20, 0x00, 0x00, 0x00, 0x0D, 0xFF, 0xFF, 0xFA,
    0x00, 0xCF, 0xF5, 0x8F, 0xFF, 0xFF, 0xF0, 0x0D, 0xFF, 0xFF, 0xFA, 0x08, 0xFF, 0x90, 0x8F, 0xFF,
    0xFF, 0xF0, 0x03, 0x33, 0x33, 0x32, 0x3F, 0xFD, 0x10, 0x8F, 0xFF, 0xFF, 0xF0, 0x00, 0x00, 0x00,
    0x01, 0xDF, 0xF3, 0x00, 0x8F, 0x70, 0x0F, 0xF0, 0x00, 0x00, 0x00, 0x09, 0xFF, 0x80, 0x00, 0x8F,
    0x70, 0x0F, 0xF0, 0x00, 0x00, 0x00, 0x5F, 0xFC, 0x00, 0x00, 0x8F, 0x70, 0x0F, 0xF0, 0x00, 0x00,
    0x02, 0xEF, 0xE2, 0x00, 0x00, 0x8F, 0x70, 0x0F, 0xF0, 0x00, 0x00, 0x0B, 0xFF, 0x60, 0x00, 0x00,
    0x8F, 0x70, 0x0F, 0xF0, 0x00, 0x00, 0x7F, 0xFA, 0x00, 0x00, 0x00, 0x8F, 0xDB, 0xBF, 0xF0, 0x00,
    0x03, 0xFF, 0xD1, 0x00, 0x00, 0x00, 0x8F, 0xFF, 0xFF, 0xF0, 0x00, 0x0C, 0xFF, 0x40, 0x00, 0x00,
    0x00, 0x8F, 0xFF, 0xFF, 0xF0, 0x00, 0x00, 0x00, 0x30, 0x00, 0x00, 0x00, 0x00, 0x00, 0x0B, 0x00,
    0x00, 0x00, 0x00, 0x00, 0x04, 0xF2, 0x00, 0x00, 0x00, 0x00, 0x00, 0x9F, 0x60, 0x00, 0x00, 0x00,
    0x00, 0x0D, 0xFB, 0x00, 0x00, 0x00, 0x00, 0x03, 0xFF, 0xF1, 0x00, 0x00, 0x00, 0x00, 0x8F, 0xFF,
    0x50, 0x00, 0x00, 0x00, 0x0C, 0xFF, 0xFA, 0x00, 0x00, 0x00, 0x02, 0xFF, 0xFF, 0xE0, 0x00, 0x00,
    0x00, 0x7F, 0xFF, 0xFF, 0x40, 0x00, 0x00, 0x0B, 0xFF, 0xFF, 0xF8, 0x00, 0x00, 0x01, 0xFF, 0xFD,
    0xFF, 0xD0, 0x00, 0x00, 0x6F, 0xFF, 0x4F, 0xFF, 0x30, 0x00, 0x0A, 0xFF, 0xC0, 0xDF, 0xF7, 0x00,
    0x00, 0xEF, 0xF8, 0x09, 0xFF, 0xC0, 0x00, 0x5F, 0xFF, 0x30, 0x5F, 0xFF, 0x10, 0x09, 0xFF, 0xFF,
    0xFF, 0xFF, 0xF6, 0x00, 0xEF, 0xFF, 0xFF, 0xFF, 0xFF, 0xA0, 0x3F, 0xFF, 0xFF, 0xFF, 0xFF, 0xFE,
    0x18, 0xFF, 0xFF, 0xFF, 0xFF, 0xFF, 0xF5, 0x79, 0x99, 0x99, 0x99, 0x99, 0x99, 0x50, 0x03, 0x44,
    0x44, 0x44, 0x43, 0x10, 0x00, 0x0E, 0xFF, 0xFF, 0xFF, 0xFF, 0xFB, 0x00, 0x0E, 0xFF, 0xFF, 0xFF,
    0xFF, 0xFF, 0x60, 0x0E, 0xFF, 0xFF, 0xFF, 0xFF, 0xFF, 0x90, 0x0E, 0xFF, 0xFF, 0xFF, 0xFF, 0xFF,
    0xA0, 0x0E, 0xFF, 0xD9, 0x99, 0xBF, 0xFF, 0xB0, 0x0E, 0xFF, 0xB0, 0x00, 0x0E, 0xFF, 0xB0, 0x0E,
    0xFF, 0xB0, 0x00, 0x0E, 0xFF, 0xB0, 0x0E, 0xFF, 0xEB, 0xBB, 0xCF, 0xFF, 0xA0, 0x0E, 0xFF, 0xFF,
    0xFF, 0xFF, 0xFF, 0x70, 0x0E, 0xFF, 0xFF, 0xFF, 0xFF, 0xFF, 0x20, 0x0E, 0xFF, 0xFF, 0xFF, 0xFF,
    0xFF, 0xA0, 0x0E, 0xFF, 0xD6, 0x66, 0x7F, 0xFF, 0xC0, 0x0E, 0xFF, 0xB0, 0x00, 0x0D, 0xFF, 0xC0,
    0x0E, 0xFF, 0xB0, 0x00, 0x0E, 0xFF, 0xC0, 0x0E, 0xFF, 0xED, 0xDD, 0xEF, 0xFF, 0xC0, 0x0E, 0xFF,
    0xFF, 0xFF, 0xFF, 0xFF, 0xB0, 0x0E, 0xFF, 0xFF, 0xFF, 0xFF, 0xFF, 0x90, 0x0E, 0xFF, 0xFF, 0xFF,
    0xFF, 0xFF, 0x40, 0x0E, 0xFF, 0xFF, 0xFF, 0xFE, 0xC5, 0x00, 0x00, 0x01, 0x34, 0x44, 0x44, 0x44,
    0x10, 0x1B, 0xFF, 0xFF, 0xFF, 0xFF, 0xF5, 0x07, 0xFF, 0xFF, 0xFF, 0xFF, 0xFF, 0x50, 0xBF, 0xFF,
    0xFF, 0xFF, 0xFF, 0xF5, 0x0C, 0xFF, 0xFF, 0xFF, 0xFF, 0xFF, 0x50, 0xDF, 0xFF, 0xCA, 0xAA, 0xAA,
    0xA3, 0x0D, 0xFF, 0xE0, 0x00, 0x00, 0x00, 0x00, 0xDF, 0xFC, 0x00, 0x00, 0x00, 0x00, 0x0D, 0xFF,
    0xC0, 0x00, 0x00, 0x00, 0x00, 0xDF, 0xFC, 0x00, 0x00, 0x00, 0x00, 0x0D, 0xFF, 0xC0, 0x00, 0x00,
    0x00, 0x00, 0xDF, 0xFC, 0x00, 0x00, 0x00, 0x00, 0x0D, 0xFF, 0xC0, 0x00, 0x00, 0x00, 0x00, 0xDF,
    0xFC, 0x00, 0x00, 0x00, 0x00, 0x0D, 0xFF, 0xE1, 0x00, 0x00, 0x00, 0x00, 0xDF, 0xFF, 0xFD, 0xDD,
    0xDD, 0xD4, 0x0C, 0xFF, 0xFF, 0xFF, 0xFF, 0xFF, 0x50, 0xAF, 0xFF, 0xFF, 0xFF, 0xFF, 0xF5, 0x05,
    0xFF, 0xFF, 0xFF, 0xFF, 0xFF, 0x50, 0x07, 0xDF, 0xFF, 0xFF, 0xFF, 0xF5, 0x03, 0x44, 0x44, 0x44,
    0x43, 0x10, 0x00, 0x0D, 0xFF, 0xFF, 0xFF, 0xFF, 0xF9, 0x00, 0x0D, 0xFF, 0xFF, 0xFF, 0xFF, 0xFF,
    0x40, 0x0D, 0xFF, 0xFF, 0xFF, 0xFF, 0xFF, 0x80, 0x0D, 0xFF, 0xFF, 0xFF, 0xFF, 0xFF, 0xA0, 0x0D,
    0xFF, 0xEA, 0xAA, 0xDF, 0xFF, 0xA0, 0x0D, 0xFF, 0xC0, 0x00, 0x2F, 0xFF, 0xA0, 0x0D, 0xFF, 0xC0,
    0x00, 0x0F, 0xFF, 0xA0, 0x0D, 0xFF, 0xC0, 0x00, 0x0F, 0xFF, 0xA0, 0x0D, 0xFF, 0xC0, 0x00, 0x0F,
    0xFF, 0xA0, 0x0D, 0xFF, 0xC0, 0x00, 0x0F, 0xFF, 0xA0, 0x0D, 0xFF, 0xC0, 0x00, 0x0F, 0xFF, 0xA0,
    0x0D, 0xFF, 0xC0, 0x00, 0x0F, 0xFF, 0xA0, 0x0D, 0xFF, 0xC0, 0x00, 0x0F, 0xFF, 0xA0, 0x0D, 0xFF,
    0xC0, 0x00, 0x3F, 0xFF, 0xA0, 0x0D, 0xFF, 0xFD, 0xDD, 0xFF, 0xFF, 0xA0, 0x0D, 0xFF, 0xFF, 0xFF,
    0xFF, 0xFF, 0x90, 0x0D, 0xFF, 0xFF, 0xFF, 0xFF, 0xFF, 0x70, 0x0D, 0xFF, 0xFF, 0xFF, 0xFF, 0xFF,
    0x20, 0x0D, 0xFF, 0xFF, 0xFF, 0xFE, 0xC5, 0x00, 0x0D, 0xFF, 0xFF, 0xFF, 0xFF, 0xFF, 0xA0, 0xDF,
    0xFF, 0xFF, 0xFF, 0xFF, 0xFA, 0x0D, 0xFF, 0xFF, 0xFF, 0xFF, 0xFF, 0xA0, 0xDF, 0xFF, 0xFF, 0xFF,
    0xFF, 0xFA, 0x0D, 0xFF, 0xFF, 0xFF, 0xFF, 0xFF, 0xA0, 0xDF, 0xFC, 0x00, 0x00, 0x00, 0x00, 0x0D,
    0xFF, 0xC0, 0x00, 0x00, 0x00, 0x00, 0xDF, 0xFF, 0xFF, 0xFF, 0x80, 0x00, 0x0D, 0xFF, 0xFF, 0xFF,
    0xF8, 0x00, 0x00, 0xDF, 0xFF, 0xFF, 0xFF, 0x80, 0x00, 0x0D, 0xFF, 0xFF, 0xFF, 0xF8, 0x00, 0x00,
    0xDF, 0xFF, 0xFF, 0xFF, 0x80, 0x00, 0x0D, 0xFF, 0xC0, 0x00, 0x00, 0x00, 0x00, 0xDF, 0xFC, 0x00,
    0x00, 0x00, 0x00, 0x0D, 0xFF, 0xFF, 0xFF, 0xFF, 0xFF, 0xA0, 0xDF, 0xFF, 0xFF, 0xFF, 0xFF, 0xFA,
    0x0D, 0xFF, 0xFF, 0xFF, 0xFF, 0xFF, 0xA0, 0xDF, 0xFF, 0xFF, 0xFF, 0xFF, 0xFA, 0x0C, 0xEE, 0xEE,
    0xEE, 0xEE, 0xEE, 0x90, 0x02, 0x22, 0x22, 0x22, 0x22, 0x22, 0x20, 0xDF, 0xFF, 0xFF, 0xFF, 0xFF,
    0xFA, 0x0D, 0xFF, 0xFF, 0xFF, 0xFF, 0xFF, 0xA0, 0xDF, 0xFF, 0xFF, 0xFF, 0xFF, 0xFA, 0x0D, 0xFF,
    0xFF, 0xFF, 0xFF, 0xFF, 0xA0, 0xDF, 0xFE, 0xBB, 0xBB, 0xBB, 0xB8, 0x0D, 0xFF, 0xC0, 0x00, 0x00,
    0x00, 0x00, 0xDF, 0xFC, 0x00, 0x00, 0x00, 0x00, 0x0D, 0xFF, 0xFF, 0xFF, 0xF4, 0x00, 0x00, 0xDF,
    0xFF, 0xFF, 0xFF, 0x40, 0x00, 0x0D, 0xFF, 0xFF, 0xFF, 0xF4, 0x00, 0x00, 0xDF, 0xFF, 0xFF, 0xFF,
    0x40, 0x00, 0x0D, 0xFF, 0xFF, 0xFF, 0xF4, 0x00, 0x00, 0xDF, 0xFC, 0x00, 0x00, 0x00, 0x00, 0x0D,
    0xFF, 0xC0, 0x00, 0x00, 0x00, 0x00, 0xDF, 0xFC, 0x00, 0x00, 0x00, 0x00, 0x0D, 0xFF, 0xC0, 0x00,
    0x00, 0x00, 0x00, 0xDF, 0xFC, 0x00, 0x00, 0x00, 0x00, 0x0D, 0xFF, 0xC0, 0x00, 0x00, 0x00, 0x00,
    0xDF, 0xFC, 0x00, 0x00, 0x00, 0x00, 0x0D, 0xFF, 0xFF, 0xFF, 0xFF, 0xFF, 0xA0, 0x0D, 0xFF, 0xFF,
    0xFF, 0xFF, 0xFF, 0xA0, 0x0D, 0xFF, 0xFF, 0xFF, 0xFF, 0xFF, 0xA0, 0x0D, 0xFF, 0xFF, 0xFF, 0xFF,
    0xFF, 0xA0, 0x0D, 0xFF, 0xFF, 0xFF, 0xFF, 0xFF, 0xA0, 0x0D, 0xFF, 0xC0, 0x00, 0x00, 0x00, 0x00,
    0x0D, 0xFF, 0xC0, 0x00, 0x00, 0x00, 0x00, 0x0D, 0xFF, 0xC0, 0xEF, 0xFF, 0xFF, 0xA0, 0x0D, 0xFF,
    0xC0, 0xEF, 0xFF, 0xFF, 0xA0, 0x0D, 0xFF, 0xC0, 0xEF, 0xFF, 0xFF, 0xA0, 0x0D, 0xFF, 0xC0, 0xEF,
    0xFF, 0xFF, 0xA0, 0x0D, 0xFF, 0xC0, 0x00, 0x0F, 0xFF, 0xA0, 0x0D, 0xFF, 0xC0, 0x00, 0x0F, 0xFF,
    0xA0, 0x0D, 0xFF, 0xC0, 0x00, 0x0F, 0xFF, 0xA0, 0x0D, 0xFF, 0xFF, 0xFF, 0xFF, 0xFF, 0xA0, 0x0D,
    0xFF, 0xFF, 0xFF, 0xFF, 0xFF, 0xA0, 0x0D, 0xFF, 0xFF, 0xFF, 0xFF, 0xFF, 0xA0, 0x0D, 0xFF, 0xFF,
    0xFF, 0xFF, 0xFF, 0xA0, 0x0C, 0xEE, 0xEE, 0xEE, 0xEE, 0xEE, 0x90, 0x0D, 0xFF, 0xC0, 0x00, 0x1F,
    0xFF, 0xA0, 0x0D, 0xFF, 0xC0, 0x00, 0x1F, 0xFF, 0xA0, 0x0D, 0xFF, 0xC0, 0x00, 0x1F, 0xFF, 0xA0,
    0x0D, 0xFF, 0xC0, 0x00, 0x1F, 0xFF, 0xA0, 0x0D, 0xFF, 0xC0, 0x00, 0x1F, 0xFF, 0xA0, 0x0D, 0xFF,
    0xC0, 0x00, 0x1F, 0xFF, 0xA0, 0x0D, 0xFF, 0xC0, 0x00, 0x1F, 0xFF, 0xA0, 0x0D, 0xFF, 0xFF, 0xFF,
    0xFF, 0xFF, 0xA0, 0x0D, 0xFF, 0xFF, 0xFF, 0xFF, 0xFF, 0xA0, 0x0D, 0xFF, 0xFF, 0xFF, 0xFF, 0xFF,
    0xA0, 0x0D, 0xFF, 0xFF, 0xFF, 0xFF, 0xFF, 0xA0, 0x0D, 0xFF, 0xFF, 0xFF, 0xFF, 0xFF, 0xA0, 0x0D,
    0xFF, 0xC0, 0x00, 0x1F, 0xFF, 0xA0, 0x0D, 0xFF, 0xC0, 0x00, 0x1F, 0xFF, 0xA0, 0x0D, 0xFF, 0xC0,
    0x00, 0x1F, 0xFF, 0xA0, 0x0D, 0xFF, 0xC0, 0x00, 0x1F, 0xFF, 0xA0, 0x0D, 0xFF, 0xC0, 0x00, 0x1F,
    0xFF, 0xA0, 0x0D, 0xFF, 0xC0, 0x00, 0x1F, 0xFF, 0xA0, 0x0D, 0xFF, 0xC0, 0x00, 0x1F, 0xFF, 0xA0,
    0x0D, 0xFF, 0xC0, 0x0D, 0xFF, 0xC0, 0x0D, 0xFF, 0xC0, 0x0D, 0xFF, 0xC0, 0x0D, 0xFF, 0xC0, 0x0D,
    0xFF, 0xC0, 0x0D, 0xFF, 0xC0, 0x0D, 0xFF, 0xC0, 0x0D, 0xFF, 0xC0, 0x0D, 0xFF, 0xC0, 0x0D, 0xFF,
    0xC0, 0x0D, 0xFF, 0xC0, 0x0D, 0xFF, 0xC0, 0x0D, 0xFF, 0xC0, 0x0D, 0xFF, 0xC0, 0x0D, 0xFF, 0xC0,
    0x0D, 0xFF, 0xC0, 0x0D, 0xFF, 0xC0, 0x0D, 0xFF, 0xC0, 0x03, 0x44, 0x30, 0x00, 0x00, 0x00, 0x14,
    0x44, 0x20, 0x00, 0x00, 0x00, 0x3F, 0xFF, 0x80, 0x00, 0x00, 0x00, 0x3F, 0xFF, 0x80, 0x00, 0x00,
    0x00, 0x3F, 0xFF, 0x80, 0x00, 0x00, 0x00, 0x3F, 0xFF, 0x80, 0x00, 0x00, 0x00, 0x3F, 0xFF, 0x80,
    0x00, 0x00, 0x00, 0x3F, 0xFF, 0x80, 0x00, 0x00, 0x00, 0x3F, 0xFF, 0x80, 0x00, 0x00, 0x00, 0x3F,
    0xFF, 0x80, 0x00, 0x00, 0x00, 0x3F, 0xFF, 0x80, 0x00, 0x00, 0x00, 0x3F, 0xFF, 0x80, 0x00, 0x00,
    0x00, 0x3F, 0xFF, 0x80, 0x00, 0x00, 0x00, 0x3F, 0xFF, 0x80, 0x00, 0x00, 0x00, 0x4F, 0xFF, 0x70,
    0x00, 0x00, 0x01, 0xBF, 0xFF, 0x70, 0x9D, 0xDD, 0xEF, 0xFF, 0xFF, 0x50, 0xAF, 0xFF, 0xFF, 0xFF,
    0xFF, 0x30, 0xAF, 0xFF, 0xFF, 0xFF, 0xFD, 0x00, 0xAF, 0xFF, 0xFF, 0xFF, 0xF5, 0x00, 0xAF, 0xFF,
    0xFE, 0xD9, 0x30, 0x00, 0x0D, 0xFF, 0xD0, 0x00, 0x0D, 0xFF, 0xF3, 0x0D, 0xFF, 0xD0, 0x00, 0x5F,
    0xFF, 0xA0, 0x0D, 0xFF, 0xD0, 0x00, 0xDF, 0xFF, 0x20, 0x0D, 0xFF, 0xD0, 0x06, 0xFF, 0xF9, 0x00,
    0x0D, 0xFF, 0xD0, 0x0D, 0xFF, 0xE1, 0x00, 0x0D, 0xFF, 0xD0, 0x6F, 0xFF, 0x70, 0x00, 0x0D, 0xFF,
    0xD0, 0xDF, 0xFE, 0x10, 0x00, 0x0D, 0xFF, 0xD6, 0xFF, 0xF6, 0x00, 0x00, 0x0D, 0xFF, 0xDD, 0xFF,
    0xF6, 0x30, 0x00, 0x0D, 0xFF, 0xFF, 0xFF, 0xFF, 0xFA, 0x00, 0x0D, 0xFF, 0xFF, 0xFF, 0xFF, 0xFF,
    0x70, 0x0D, 0xFF, 0xFE, 0xEE, 0xFF, 0xFF, 0xB0, 0x0D, 0xFF, 0xD0, 0x00, 0x2F, 0xFF, 0xD0, 0x0D,
    0xFF, 0xD0, 0x00, 0x0D, 0xFF, 0xD0, 0x0D, 0xFF, 0xD0, 0x00, 0x0C, 0xFF, 0xD0, 0x0D, 0xFF, 0xD0,
    0x00, 0x0C, 0xFF, 0xD0, 0x0D, 0xFF, 0xD0, 0x00, 0x0C, 0xFF, 0xD0, 0x0D, 0xFF, 0xD0, 0x00, 0x0C,
    0xFF, 0xD0, 0x0D, 0xFF, 0xD0, 0x00, 0x0C, 0xFF, 0xD0, 0x0D, 0xFF, 0xC0, 0x00, 0x00, 0x0D, 0xFF,
    0xC0, 0x00, 0x00, 0x0D, 0xFF, 0xC0, 0x00, 0x00, 0x0D, 0xFF, 0xC0, 0x00, 0x00, 0x0D, 0xFF, 0xC0,
    0x00, 0x00, 0x0D, 0xFF, 0xC0, 0x00, 0x00, 0x0D, 0xFF, 0xC0, 0x00, 0x00, 0x0D, 0xFF, 0xC0, 0x00,
    0x00, 0x0D, 0xFF, 0xC0, 0x00, 0x00, 0x0D, 0xFF, 0xC0, 0x00, 0x00, 0x0D, 0xFF, 0xC0, 0x00, 0x00,
    0x0D, 0xFF, 0xC0, 0x00, 0x00, 0x0D, 0xFF, 0xC0, 0x00, 0x00, 0x0D, 0xFF, 0xC0, 0x00, 0x00, 0x0D,
    0xFF, 0xFF, 0xFF, 0xFC, 0x0D, 0xFF, 0xFF, 0xFF, 0xFC, 0x0D, 0xFF, 0xFF, 0xFF, 0xFC, 0x0D, 0xFF,
    0xFF, 0xFF, 0xFC, 0x0C, 0xEE, 0xEE, 0xEE, 0xEB, 0x00, 0x00, 0x00, 0x50, 0x00, 0x00, 0x00, 0x04,
    0x10, 0x00, 0x00, 0x00, 0x00, 0x01, 0xD0, 0x00, 0x00, 0x00, 0x0A, 0x50, 0x00, 0x00, 0x00, 0x00,
    0x06, 0xF3, 0x00, 0x00, 0x00, 0x1E, 0x90, 0x00, 0x00, 0x00, 0x00, 0x0A, 0xF8, 0x00, 0x00, 0x00,
    0x5F, 0xD0, 0x00, 0x00, 0x00, 0x00, 0x1E, 0xFD, 0x00, 0x00, 0x00, 0xBF, 0xF3, 0x00, 0x00, 0x00,
    0x00, 0x5F, 0xFF, 0x30, 0x00, 0x01, 0xFF, 0xF7, 0x00, 0x00, 0x00, 0x00, 0xAF, 0xFF, 0x80, 0x00,
    0x06, 0xFF, 0xFB, 0x00, 0x00, 0x00, 0x00, 0xEF, 0xFF, 0xD0, 0x00, 0x0B, 0xFF, 0xFF, 0x10, 0x00,
    0x00, 0x04, 0xFF, 0xFF, 0xF3, 0x00, 0x2F, 0xFF, 0xFF, 0x50, 0x00, 0x00, 0x09, 0xFF, 0xFF, 0xF7,
    0x00, 0x7F, 0xFF, 0xFF, 0x90, 0x00, 0x00, 0x0D, 0xFF, 0xFF, 0xFC, 0x00, 0xCF, 0xFF, 0xFF, 0xE0,
    0x00, 0x00, 0x3F, 0xFF, 0xFF, 0xFF, 0x22, 0xFF, 0xFF, 0xFF, 0xF3, 0x00, 0x00, 0x8F, 0xFF, 0x8F,
    0xFF, 0x78, 0xFF, 0xF8, 0xFF, 0xF7, 0x00, 0x00, 0xDF, 0xFD, 0x1E, 0xFF, 0xCD, 0xFF, 0xE0, 0xDF,
    0xFC, 0x00, 0x02, 0xFF, 0xF8, 0x0A, 0xFF, 0xFF, 0xFF, 0x90, 0x9F, 0xFF, 0x10, 0x07, 0xFF, 0xF3,
    0x05, 0xFF, 0xFF, 0xFF, 0x30, 0x5F, 0xFF, 0x50, 0x0C, 0xFF, 0xE0, 0x01, 0xEF, 0xFF, 0xFD, 0x00,
    0x1F, 0xFF, 0xA0, 0x1F, 0xFF, 0x90, 0x00, 0xAF, 0xFF, 0xF7, 0x00, 0x0B, 0xFF, 0xE0, 0x6F, 0xFF,
    0x40, 0x00, 0x5F, 0xFF, 0xF2, 0x00, 0x07, 0xFF, 0xF3, 0xBF, 0xFE, 0x00, 0x00, 0x1E, 0xFF, 0xB0,
    0x00, 0x03, 0xFF, 0xF8, 0x0D, 0xFF, 0xFF, 0xFF, 0xFF, 0xFF, 0xF1, 0x0D, 0xFF, 0xFF, 0xFF, 0xFF,
    0xFF, 0xF1, 0x0D, 0xFF, 0xFF, 0xFF, 0xFF, 0xFF, 0xF1, 0x0D, 0xFF, 0xFF, 0xFF, 0xFF, 0xFF, 0xF1,
    0x0D, 0xFF, 0xC0, 0x00, 0x09, 0xFF, 0xF1, 0x0D, 0xFF, 0xC0, 0x00, 0x09, 0xFF, 0xF1, 0x0D, 0xFF,
    0xC0, 0x00, 0x09, 0xFF, 0xF1, 0x0D, 0xFF, 0xC0, 0x00, 0x09, 0xFF, 0xF1, 0x0D, 0xFF, 0xC0, 0x00,
    0x09, 0xFF, 0xF1, 0x0D, 0xFF, 0xC0, 0x00, 0x09, 0xFF, 0xF1, 0x0D, 0xFF, 0xC0, 0x00, 0x09, 0xFF,
    0xF1, 0x0D, 0xFF, 0xC0, 0x00, 0x09, 0xFF, 0xF1, 0x0D, 0xFF, 0xC0, 0x00, 0x09, 0xFF, 0xF1, 0x0D,
    0xFF, 0xC0, 0x00, 0x09, 0xFF, 0xF1, 0x0D, 0xFF, 0xC0, 0x00, 0x09, 0xFF, 0xF1, 0x0D, 0xFF, 0xC0,
    0x00, 0x09, 0xFF, 0xF1, 0x0D, 0xFF, 0xC0, 0x00, 0x09, 0xFF, 0xF1, 0x0D, 0xFF, 0xC0, 0x00, 0x09,
    0xFF, 0xF1, 0x0D, 0xFF, 0xC0, 0x00, 0x09, 0xFF, 0xF1, 0x0D, 0xFF, 0xFF, 0xFF, 0xFF, 0xFF, 0xF1,
    0x0D, 0xFF, 0xFF, 0xFF, 0xFF, 0xFF, 0xF1, 0x0D, 0xFF, 0xFF, 0xFF, 0xFF, 0xFF, 0xF1, 0x0D, 0xFF,
    0xFF, 0xFF, 0xFF, 0xFF, 0xF1, 0x0D, 0xFF, 0xC0, 0x00, 0x09, 0xFF, 0xF1, 0x0D, 0xFF, 0xC0, 0x00,
    0x09, 0xFF, 0xF1, 0x0D, 0xFF, 0xC0, 0x00, 0x09, 0xFF, 0xF1, 0x0D, 0xFF, 0xC0, 0x00, 0x09, 0xFF,
    0xF1, 0x0D, 0xFF, 0xC0, 0x00, 0x09, 0xFF, 0xF1, 0x0D, 0xFF, 0xC0, 0x00, 0x09, 0xFF, 0xF1, 0x0D,
    0xFF, 0xC0, 0x00, 0x09, 0xFF, 0xF1, 0x0D, 0xFF, 0xC0, 0x00, 0x09, 0xFF, 0xF1, 0x0D, 0xFF, 0xC0,
    0x00, 0x09, 0xFF, 0xF1, 0x0D, 0xFF, 0xD6, 0x66, 0x6B, 0xFF, 0xF1, 0x0D, 0xFF, 0xFF, 0xFF, 0xFF,
    0xFF, 0xF1, 0x0D, 0xFF, 0xFF, 0xFF, 0xFF, 0xFF, 0xF1, 0x0D, 0xFF, 0xFF, 0xFF, 0xFF, 0xFF, 0xF1,
    0x0D, 0xFF, 0xFF, 0xFF, 0xFF, 0xFF, 0xF1, 0x07, 0x88, 0x88, 0x88, 0x88, 0x88, 0x80, 0x0D, 0xFF,
    0xFF, 0xFF, 0xFF, 0xFF, 0xB0, 0x0D, 0xFF, 0xFF, 0xFF, 0xFF, 0xFF, 0xB0, 0x0D, 0xFF, 0xFF, 0xFF,
    0xFF, 0xFF, 0xB0, 0x0D, 0xFF, 0xFF, 0xFF, 0xFF, 0xFF, 0xB0, 0x0D, 0xFF, 0xFF, 0xFF, 0xFF, 0xFF,
    0xB0, 0x0D, 0xFF, 0xD0, 0x00, 0x0B, 0xFF, 0xB0, 0x0D, 0xFF, 0xD0, 0x00, 0x0B, 0xFF, 0xB0, 0x0D,
    0xFF, 0xD0, 0x00, 0x0B, 0xFF, 0xB0, 0x0D, 0xFF, 0xFD, 0xDD, 0xDF, 0xFF, 0xB0, 0x0D, 0xFF, 0xFF,
    0xFF, 0xFF, 0xFF, 0xB0, 0x0D, 0xFF, 0xFF, 0xFF, 0xFF, 0xFF, 0xB0, 0x0D, 0xFF, 0xFF, 0xFF, 0xFF,
    0xFF, 0xB0, 0x0D, 0xFF, 0xFD, 0xDD, 0xDD, 0xDD, 0x90, 0x0D, 0xFF, 0xD0, 0x00, 0x00, 0x00, 0x00,
    0x0D, 0xFF, 0xD0, 0x00, 0x00, 0x00, 0x00, 0x0D, 0xFF, 0xD0, 0x00, 0x00, 0x00, 0x00, 0x0D, 0xFF,
    0xD0, 0x00, 0x00, 0x00, 0x00, 0x0D, 0xFF, 0xD0, 0x00, 0x00, 0x00, 0x00, 0x0D, 0xFF, 0xD0, 0x00,
    0x00, 0x00, 0x00, 0x0D, 0xFF, 0xFF, 0xFF, 0xFF, 0xFF, 0xA0, 0x00, 0xDF, 0xFF, 0xFF, 0xFF, 0xFF,
    0xFA, 0x00, 0x0D, 0xFF, 0xFF, 0xFF, 0xFF, 0xFF, 0xA0, 0x00, 0xDF, 0xFF, 0xFF, 0xFF, 0xFF, 0xFA,
    0x00, 0x0D, 0xFF, 0xFF, 0xFF, 0xFF, 0xFF, 0xA0, 0x00, 0xDF, 0xFC, 0x00, 0x01, 0xFF, 0xFA, 0x00,
    0x0D, 0xFF, 0xC0, 0x00, 0x1F, 0xFF, 0xA0, 0x00, 0xDF, 0xFC, 0x00, 0x01, 0xFF, 0xFA, 0x00, 0x0D,
    0xFF, 0xC0, 0x00, 0x1F, 0xFF, 0xA0, 0x00, 0xDF, 0xFC, 0x00, 0x01, 0xFF, 0xFA, 0x00, 0x0D, 0xFF,
    0xC0, 0x00, 0x1F, 0xFF, 0xA0, 0x00, 0xDF, 0xFC, 0x00, 0x01, 0xFF, 0xFA, 0x00, 0x0D, 0xFF, 0xC0,
    0x00, 0x1F, 0xFF, 0xA0, 0x00, 0xDF, 0xFD, 0x00, 0x01, 0xFF, 0xFA, 0x00, 0x0D, 0xFF, 0xF9, 0x88,
    0x8F, 0xFF, 0xD8, 0x40, 0xCF, 0xFF, 0xFF, 0xFF, 0xFF, 0xFF, 0xF8, 0x0B, 0xFF, 0xFF, 0xFF, 0xFF,
    0xFF, 0xFF, 0x80, 0x8F, 0xFF, 0xFF, 0xFF, 0xFF, 0xFF, 0xF8, 0x01, 0xDF, 0xFF, 0xFF, 0xFF, 0xFF,
    0xFF, 0x80, 0x00, 0x46, 0x66, 0x66, 0x66, 0x66, 0x63, 0x0E, 0xFF, 0xFF, 0xFF, 0xFF, 0xFF, 0x80,
    0x0E, 0xFF, 0xFF, 0xFF, 0xFF, 0xFF, 0x80, 0x0E, 0xFF, 0xFF, 0xFF, 0xFF, 0xFF, 0x80, 0x0E, 0xFF,
    0xFF, 0xFF, 0xFF, 0xFF, 0x80, 0x0E, 0xFF, 0xEB, 0xBB, 0xBF, 0xFF, 0x80, 0x0E, 0xFF, 0xB0, 0x00,
    0x1F, 0xFF, 0x80, 0x0E, 0xFF, 0xB0, 0x00, 0x1F, 0xFF, 0x80, 0x0E, 0xFF, 0xB0, 0x00, 0x1F, 0xFF,
    0x70, 0x0E, 0xFF, 0xFF, 0xFF, 0xFF, 0xFF, 0x40, 0x0E, 0xFF, 0xFF, 0xFF, 0xFF, 0xFE, 0x10, 0x0E,
    0xFF, 0xFF, 0xFF, 0xFF, 0xFF, 0x70, 0x0E, 0xFF, 0xFF, 0xFF, 0xFF, 0xFF, 0x90, 0x0E, 0xFF, 0xD7,
    0x77, 0xBF, 0xFF, 0x90, 0x0E, 0xFF, 0xB0, 0x00, 0x2F, 0xFF, 0x90, 0x0E, 0xFF, 0xB0, 0x00, 0x1F,
    0xFF, 0x90, 0x0E, 0xFF, 0xB0, 0x00, 0x1F, 0xFF, 0x90, 0x0E, 0xFF, 0xB0, 0x00, 0x1F, 0xFF, 0x90,
    0x0E, 0xFF, 0xB0, 0x00, 0x1F, 0xFF, 0x90, 0x0E, 0xFF, 0xB0, 0x00, 0x1F, 0xFF, 0x90, 0x0F, 0xFF,
    0xFF, 0xFF, 0xFF, 0xF7, 0x00, 0x0F, 0xFF, 0xFF, 0xFF, 0xFF, 0xF7, 0x00, 0x0F, 0xFF, 0xFF, 0xFF,
    0xFF, 0xF7, 0x00, 0x0F, 0xFF, 0xFF, 0xFF, 0xFF, 0xF7, 0x00, 0x0F, 0xFF, 0xFF, 0xFF, 0xFF, 0xF7,
    0x00, 0x0F, 0xFF, 0xA0, 0x00, 0x00, 0x00, 0x00, 0x0F, 0xFF, 0xA0, 0x00, 0x00, 0x00, 0x00, 0x0F,
    0xFF, 0xEB, 0xBB, 0xBA, 0x81, 0x00, 0x0E, 0xFF, 0xFF, 0xFF, 0xFF, 0xFD, 0x00, 0x0C, 0xFF, 0xFF,
    0xFF, 0xFF, 0xFF, 0x50, 0x04, 0xFF, 0xFF, 0xFF, 0xFF, 0xFF, 0x80, 0x00, 0x38, 0xAA, 0xAA, 0xBF,
    0xFF, 0xA0, 0x00, 0x00, 0x00, 0x00, 0x0F, 0xFF, 0xA0, 0x00, 0x00, 0x00, 0x00, 0x0F, 0xFF, 0xA0,
    0x0F, 0xFF, 0xFF, 0xFF, 0xFF, 0xFF, 0xA0, 0x0F, 0xFF, 0xFF, 0xFF, 0xFF, 0xFF, 0xA0, 0x0F, 0xFF,
    0xFF, 0xFF, 0xFF, 0xFF, 0xA0, 0x0F, 0xFF, 0xFF, 0xFF, 0xFF, 0xFF, 0xA0, 0x0E, 0xEE, 0xEE, 0xEE,
    0xEE, 0xEE, 0x90, 0x8F, 0xFF, 0xFF, 0xFF, 0xFF, 0xF2, 0x8F, 0xFF, 0xFF, 0xFF, 0xFF, 0xF2, 0x8F,
    0xFF, 0xFF, 0xFF, 0xFF, 0xF2, 0x8F, 0xFF, 0xFF, 0xFF, 0xFF, 0xF2, 0x8F, 0xFF, 0xFF, 0xFF, 0xFF,
    0xF2, 0x00, 0x03, 0xFF, 0xF7, 0x00, 0x00, 0x00, 0x03, 0xFF, 0xF7, 0x00, 0x00, 0x00, 0x03, 0xFF,
    0xF7, 0x00, 0x00, 0x00, 0x03, 0xFF, 0xF7, 0x00, 0x00, 0x00, 0x03, 0xFF, 0xF7, 0x00, 0x00, 0x00,
    0x03, 0xFF, 0xF7, 0x00, 0x00, 0x00, 0x03, 0xFF, 0xF7, 0x00, 0x00, 0x00, 0x03, 0xFF, 0xF7, 0x00,
    0x00, 0x00, 0x03, 0xFF, 0xF7, 0x00, 0x00, 0x00, 0x03, 0xFF, 0xF7, 0x00, 0x00, 0x00, 0x03, 0xFF,
    0xF7, 0x00, 0x00, 0x00, 0x03, 0xFF, 0xF7, 0x00, 0x00, 0x00, 0x03, 0xFF, 0xF7, 0x00, 0x00, 0x00,
    0x03, 0xFF, 0xF7, 0x00, 0x00, 0x0D, 0xFF, 0xD0, 0x00, 0x04, 0xFF, 0xF6, 0x00, 0xDF, 0xFD, 0x00,
    0x00, 0x4F, 0xFF, 0x60, 0x0D, 0xFF, 0xD0, 0x00, 0x04, 0xFF, 0xF6, 0x00, 0xDF, 0xFD, 0x00, 0x00,
    0x4F, 0xFF, 0x60, 0x0D, 0xFF, 0xD0, 0x00, 0x04, 0xFF, 0xF6, 0x00, 0xDF, 0xFD, 0x00, 0x00, 0x4F,
    0xFF, 0x60, 0x0D, 0xFF, 0xD0, 0x00, 0x04, 0xFF, 0xF6, 0x00, 0xDF, 0xFD, 0x00, 0x00, 0x4F, 0xFF,
    0x60, 0x0D, 0xFF, 0xD0, 0x00, 0x04, 0xFF, 0xF6, 0x00, 0xDF, 0xFD, 0x00, 0x00, 0x4F, 0xFF, 0x60,
    0x0D, 0xFF, 0xD0, 0x00, 0x04, 0xFF, 0xF6, 0x00, 0xDF, 0xFD, 0x00, 0x00, 0x4F, 0xFF, 0x60, 0x0D,
    0xFF, 0xD0, 0x00, 0x04, 0xFF, 0xF6, 0x00, 0xDF, 0xFD, 0x00, 0x00, 0x4F, 0xFF, 0x60, 0x0D, 0xFF,
    0xFF, 0xFF, 0xFF, 0xFF, 0xF6, 0x00, 0xDF, 0xFF, 0xFF, 0xFF, 0xFF, 0xFF, 0x60, 0x0D, 0xFF, 0xFF,
    0xFF, 0xFF, 0xFF, 0xF6, 0x00, 0xDF, 0xFF, 0xFF, 0xFF, 0xFF, 0xFF, 0x60, 0x0C, 0xEE, 0xEE, 0xEE,
    0xEE, 0xEE, 0xE5, 0x00, 0xBF, 0xFE, 0x00, 0x00, 0x2F, 0xFF, 0x76, 0xFF, 0xF3, 0x00, 0x07, 0xFF,
    0xF3, 0x2F, 0xFF, 0x80, 0x00, 0xBF, 0xFD, 0x00, 0xCF, 0xFC, 0x00, 0x1F, 0xFF, 0x80, 0x08, 0xFF,
    0xF1, 0x05, 0xFF, 0xF4, 0x00, 0x3F, 0xFF, 0x50, 0xAF, 0xFE, 0x00, 0x00, 0xDF, 0xF9, 0x0E, 0xFF,
    0x90, 0x00, 0x09, 0xFF, 0xD4, 0xFF, 0xF5, 0x00, 0x00, 0x4F, 0xFF, 0xAF, 0xFF, 0x10, 0x00, 0x00,
    0xEF, 0xFF, 0xFF, 0xB0, 0x00, 0x00, 0x0A, 0xFF, 0xFF, 0xF6, 0x00, 0x00, 0x00, 0x5F, 0xFF, 0xFF,
    0x10, 0x00, 0x00, 0x01, 0xFF, 0xFF, 0xC0, 0x00, 0x00, 0x00, 0x0B, 0xFF, 0xF7, 0x00, 0x00, 0x00,
    0x00, 0x7F, 0xFF, 0x20, 0x00, 0x00, 0x00, 0x02, 0xFF, 0xD0, 0x00, 0x00, 0x00, 0x00, 0x0D, 0xF8,
    0x00, 0x00, 0x00, 0x00, 0x00, 0x8F, 0x30, 0x00, 0x00, 0x00, 0x00, 0x03, 0xE0, 0x00, 0x00, 0x00,
    0x00, 0x00, 0x08, 0x00, 0x00, 0x00, 0x00, 0x00, 0x00, 0x10, 0x00, 0x00, 0x00, 0xBF, 0xFF, 0x40,
    0x00, 0x1F, 0xFF, 0xE0, 0x00, 0x06, 0xFF, 0xF8, 0x7F, 0xFF, 0x70, 0x00, 0x6F, 0xFF, 0xF3, 0x00,
    0x0A, 0xFF, 0xF3, 0x2F, 0xFF, 0xB0, 0x00, 0xBF, 0xFF, 0xF8, 0x00, 0x0E, 0xFF, 0xD0, 0x0D, 0xFF,
    0xE0, 0x01, 0xFF, 0xFF, 0xFD, 0x00, 0x3F, 0xFF, 0x90, 0x09, 0xFF, 0xF3, 0x06, 0xFF, 0xFF, 0xFF,
    0x20, 0x8F, 0xFF, 0x40, 0x04, 0xFF, 0xF7, 0x0B, 0xFF, 0xFF, 0xFF, 0x70, 0xCF, 0xFE, 0x00, 0x00,
    0xEF, 0xFA, 0x2F, 0xFF, 0xDF, 0xFF, 0xB1, 0xFF, 0xF9, 0x00, 0x00, 0xBF, 0xFE, 0x7F, 0xFF, 0x6C,
    0xFF, 0xF6, 0xFF, 0xF5, 0x00, 0x00, 0x6F, 0xFF, 0xEF, 0xFF, 0x17, 0xFF, 0xFE, 0xFF, 0xE1, 0x00,
    0x00, 0x2F, 0xFF, 0xFF, 0xFA, 0x02, 0xFF, 0xFF, 0xFF, 0xA0, 0x00, 0x00, 0x0D, 0xFF, 0xFF, 0xF5,
    0x00, 0xCF, 0xFF, 0xFF, 0x60, 0x00, 0x00, 0x08, 0xFF, 0xFF, 0xE0, 0x00, 0x7F, 0xFF, 0xFF, 0x10,
    0x00, 0x00, 0x04, 0xFF, 0xFF, 0x90, 0x00, 0x2F, 0xFF, 0xFB, 0x00, 0x00, 0x00, 0x00, 0xEF, 0xFF,
    0x40, 0x00, 0x0C, 0xFF, 0xF6, 0x00, 0x00, 0x00, 0x00, 0xAF, 0xFD, 0x00, 0x00, 0x07, 0xFF, 0xF2,
    0x00, 0x00, 0x00, 0x00, 0x6F, 0xF8, 0x00, 0x00, 0x02, 0xFF, 0xC0, 0x00, 0x00, 0x00, 0x00, 0x1F,
    0xF3, 0x00, 0x00, 0x00, 0xCF, 0x70, 0x00, 0x00, 0x00, 0x00, 0x0C, 0xC0, 0x00, 0x00, 0x00, 0x7F,
    0x30, 0x00, 0x00, 0x00, 0x00, 0x08, 0x70, 0x00, 0x00, 0x00, 0x2D, 0x00, 0x00, 0x00, 0x00, 0x00,
    0x03, 0x20, 0x00, 0x00, 0x00, 0x05, 0x00, 0x00, 0x00, 0x7F, 0xFF, 0xC0, 0x00, 0xCF, 0xFF, 0x11,
    0xFF, 0xFF, 0x20, 0x2F, 0xFF, 0xA0, 0x0A, 0xFF, 0xF8, 0x08, 0xFF, 0xF5, 0x00, 0x4F, 0xFF, 0xD0,
    0xDF, 0xFE, 0x00, 0x00, 0xDF, 0xFF, 0x7F, 0xFF, 0x90, 0x00, 0x07, 0xFF, 0xFF, 0xFF, 0xF3, 0x00,
    0x00, 0x1F, 0xFF, 0xFF, 0xFC, 0x00, 0x00, 0x00, 0xAF, 0xFF, 0xFF, 0x70, 0x00, 0x00, 0x04, 0xFF,
    0xFF, 0xF1, 0x00, 0x00, 0x00, 0x4F, 0xFF, 0xFE, 0x00, 0x00, 0x00, 0x09, 0xFF, 0xFF, 0xF5, 0x00,
    0x00, 0x00, 0xEF, 0xFF, 0xFF, 0xA0, 0x00, 0x00, 0x5F, 0xFF, 0xFF, 0xFF, 0x10, 0x00, 0x0A, 0xFF,
    0xFE, 0xFF, 0xF6, 0x00, 0x01, 0xFF, 0xFD, 0x7F, 0xFF, 0xB0, 0x00, 0x6F, 0xFF, 0x83, 0xFF, 0xFF,
    0x10, 0x0C, 0xFF, 0xF3, 0x0D, 0xFF, 0xF6, 0x02, 0xFF, 0xFD, 0x00, 0x9F, 0xFF, 0xC0, 0x8F, 0xFF,
    0x90, 0x04, 0xFF, 0xFF, 0x20, 0xBF, 0xFF, 0x30, 0x00, 0xDF, 0xFD, 0x05, 0xFF, 0xF8, 0x00, 0x4F,
    0xFF, 0x70, 0x0E, 0xFF, 0xE0, 0x09, 0xFF, 0xF1, 0x00, 0x9F, 0xFF, 0x41, 0xEF, 0xFA, 0x00, 0x03,
    0xFF, 0xFA, 0x5F, 0xFF, 0x40, 0x00, 0x0C, 0xFF, 0xFC, 0xFF, 0xD0, 0x00, 0x00, 0x7F, 0xFF, 0xFF,
    0xF7, 0x00, 0x00, 0x01, 0xFF, 0xFF, 0xFF, 0x20, 0x00, 0x00, 0x0A, 0xFF, 0xFF, 0xB0, 0x00, 0x00,
    0x00, 0x4F, 0xFF, 0xF5, 0x00, 0x00, 0x00, 0x00, 0xEF, 0xFE, 0x00, 0x00, 0x00, 0x00, 0x0C, 0xFF,
    0xD0, 0x00, 0x00, 0x00, 0x00, 0xCF, 0xFD, 0x00, 0x00, 0x00, 0x00, 0x0C, 0xFF, 0xD0, 0x00, 0x00,
    0x00, 0x00, 0xCF, 0xFD, 0x00, 0x00, 0x00, 0x00, 0x0C, 0xFF, 0xD0, 0x00, 0x00, 0x00, 0x00, 0xCF,
    0xFD, 0x00, 0x00, 0x00, 0x00, 0x0C, 0xFF, 0xD0, 0x00, 0x00, 0x00, 0x00, 0xCF, 0xFD, 0x00, 0x00,
    0x00, 0x6F, 0xFF, 0xFF, 0xFF, 0xFF, 0xE0, 0x6F, 0xFF, 0xFF, 0xFF, 0xFF, 0xE0, 0x6F, 0xFF, 0xFF,
    0xFF, 0xFF, 0xE0, 0x6F, 0xFF, 0xFF, 0xFF, 0xFF, 0xD0, 0x6F, 0xFF, 0xFF, 0xFF, 0xFF, 0x60, 0x00,
    0x00, 0x02, 0xEF, 0xFD, 0x00, 0x00, 0x00, 0x09, 0xFF, 0xF5, 0x00, 0x00, 0x00, 0x3F, 0xFF, 0xC0,
    0x00, 0x00, 0x00, 0xBF, 0xFF, 0x40, 0x00, 0x00, 0x04, 0xFF, 0xFC, 0x00, 0x00, 0x00, 0x0C, 0xFF,
    0xF4, 0x00, 0x00, 0x00, 0x6F, 0xFF, 0xB0, 0x00, 0x00, 0x01, 0xEF, 0xFF, 0x30, 0x00, 0x00, 0x08,
    0xFF, 0xFA, 0x00, 0x00, 0x00, 0x1E, 0xFF, 0xFF, 0xFF, 0xFF, 0xF0, 0x7F, 0xFF, 0xFF, 0xFF, 0xFF,
    0xF0, 0x7F, 0xFF, 0xFF, 0xFF, 0xFF, 0xF0, 0x7F, 0xFF, 0xFF, 0xFF, 0xFF, 0xF0, 0x6E, 0xEE, 0xEE,
    0xEE, 0xEE, 0xD0,
};

static const char SMOOTH_SIDE_CHARS[] = "0123456789-";
static const SmoothGlyph SMOOTH_SIDE_GLYPHS[] PROGMEM = {
    {0, 19, 26, 0, -26, 19}, // 0
    {247, 8, 27, 0, -26, 8}, // 1
    {355, 19, 26, 0, -26, 19}, // 2
    {602, 19, 28, 0, -27, 19}, // 3
    {868, 17, 26, 0, -26, 17}, // 4
    {1089, 18, 27, 0, -26, 18}, // 5
    {1332, 19, 27, 0, -27, 19}, // 6
    {1589, 16, 27, 0, -27, 16}, // 7
    {1805, 19, 27, 0, -27, 19}, // 8
    {2062, 19, 27, 0, -26, 19}, // 9
    {2319, 9, 15, 0, -15, 9}, // -
};

static const uint8_t SMOOTH_SIDE_PIXELS[] PROGMEM = {
    0x07, 0xFF, 0xFF, 0xFF, 0xFF, 0xFF, 0xFF, 0xFF, 0xFB, 0x00, 0x7F, 0xFF, 0xFF, 0xFF, 0xFF, 0xFF,
    0xFF, 0xFF, 0xB0, 0x07, 0xFF, 0xFF, 0xFF, 0xFF, 0xFF, 0xFF, 0xFF, 0xFB, 0x00, 0x7F, 0xFF, 0xFF,
    0xFF, 0xFF, 0xFF, 0xFF, 0xFF, 0xB0, 0x07, 0xFF, 0xFF, 0xFF, 0xFF, 0xFF, 0xFF, 0xFF, 0xFB, 0x00,
    0x7F, 0xFF, 0xFF, 0xFF, 0xFF, 0xFF, 0xFF, 0xFF, 0xB0, 0x07, 0xFF, 0xFF, 0x80, 0x00, 0x00, 0x3F,
    0xFF, 0xFB, 0x00, 0x7F, 0xFF, 0xF8, 0x00, 0x00, 0x03, 0xFF, 0xFF, 0xB0, 0x07, 0xFF, 0xFF, 0x80,
    0x00, 0x00, 0x3F, 0xFF, 0xFB, 0x00, 0x7F, 0xFF, 0xF8, 0x00, 0x00, 0x03, 0xFF, 0xFF, 0xB0, 0x07,
    0xFF, 0xFF, 0x80, 0x00, 0x00, 0x3F, 0xFF, 0xFB, 0x00, 0x7F, 0xFF, 0xF8, 0x00, 0x00, 0x03, 0xFF,
    0xFF, 0xB0, 0x07, 0xFF, 0xFF, 0x80, 0x00, 0x00, 0x3F, 0xFF, 0xFB, 0x00, 0x7F, 0xFF, 0xF8, 0x00,
    0x00, 0x03, 0xFF, 0xFF, 0xB0, 0x07, 0xFF, 0xFF, 0x80, 0x00, 0x00, 0x3F, 0xFF, 0xFB, 0x00, 0x7F,
    0xFF, 0xF8, 0x00, 0x00, 0x03, 0xFF, 0xFF, 0xB0, 0x07, 0xFF, 0xFF, 0x80, 0x00, 0x00, 0x3F, 0xFF,
    0xFB, 0x00, 0x7F, 0xFF, 0xF8, 0x00, 0x00, 0x03, 0xFF, 0xFF, 0xB0, 0x07, 0xFF, 0xFF, 0x80, 0x00,
    0x00, 0x3F, 0xFF, 0xFB, 0x00, 0x7F, 0xFF, 0xFF, 0xEE, 0xEE, 0xEE, 0xFF, 0xFF, 0xB0, 0x07, 0xFF,
    0xFF, 0xFF, 0xFF, 0xFF, 0xFF, 0xFF, 0xFB, 0x00, 0x7F, 0xFF, 0xFF, 0xFF, 0xFF, 0xFF, 0xFF, 0xFF,
    0xB0, 0x07, 0xFF, 0xFF, 0xFF, 0xFF, 0xFF, 0xFF, 0xFF, 0xFB, 0x00, 0x7F, 0xFF, 0xFF, 0xFF, 0xFF,
    0xFF, 0xFF, 0xFF, 0xB0, 0x07, 0xFF, 0xFF, 0xFF, 0xFF, 0xFF, 0xFF, 0xFF, 0xFB, 0x00, 0x5B, 0xBB,
    0xBB, 0xBB, 0xBB, 0xBB, 0xBB, 0xBB, 0x80, 0x7F, 0xFF, 0xFF, 0xC0, 0x7F, 0xFF, 0xFF, 0xC0, 0x7F,
    0xFF, 0xFF, 0xC0, 0x7F, 0xFF, 0xFF, 0xC0, 0x7F, 0xFF, 0xFF, 0xC0, 0x7F, 0xFF, 0xFF, 0xC0, 0x7F,
    0xFF, 0xFF, 0xC0, 0x03, 0xFF, 0xFF, 0xC0, 0x03, 0xFF, 0xFF, 0xC0, 0x03, 0xFF, 0xFF, 0xC0, 0x03,
    0xFF, 0xFF, 0xC0, 0x03, 0xFF, 0xFF, 0xC0, 0x03, 0xFF, 0xFF, 0xC0, 0x03, 0xFF, 0xFF, 0xC0, 0x03,
    0xFF, 0xFF, 0xC0, 0x03, 0xFF, 0xFF, 0xC0, 0x03, 0xFF, 0xFF, 0xC0, 0x03, 0xFF, 0xFF, 0xC0, 0x03,
    0xFF, 0xFF, 0xC0, 0x03, 0xFF, 0xFF, 0xC0, 0x03, 0xFF, 0xFF, 0xC0, 0x03, 0xFF, 0xFF, 0xC0, 0x03,
    0xFF, 0xFF, 0xC0, 0x03, 0xFF, 0xFF, 0xC0, 0x03, 0xFF, 0xFF, 0xC0, 0x03, 0xFF, 0xFF, 0xC0, 0x02,
    0x77, 0x77, 0x60, 0x0A, 0xFF, 0xFF, 0xFF, 0xFF, 0xFF, 0xFF, 0xFF, 0xF3, 0x00, 0xAF, 0xFF, 0xFF,
    0xFF, 0xFF, 0xFF, 0xFF, 0xFF, 0x30, 0x0A, 0xFF, 0xFF, 0xFF, 0xFF, 0xFF, 0xFF, 0xFF, 0xF3, 0x00,
    0xAF, 0xFF, 0xFF, 0xFF, 0xFF, 0xFF, 0xFF, 0xFF, 0x30, 0x0A, 0xFF, 0xFF, 0xFF, 0xFF, 0xFF, 0xFF,
    0xFF, 0xF3, 0x00, 0xAF, 0xFF, 0xFF, 0xFF, 0xFF, 0xFF, 0xFF, 0xFF, 0x30, 0x0A, 0xFF, 0xFF, 0x40,
    0x00, 0x00, 0xCF, 0xFF, 0xF3, 0x00, 0xAF, 0xFF, 0xF4, 0x00, 0x00, 0x0C, 0xFF, 0xFF, 0x30, 0x00,
    0x00, 0x00, 0x00, 0x00, 0x00, 0xCF, 0xFF, 0xF3, 0x00, 0x00, 0x00, 0x22, 0x22, 0x22, 0x3E, 0xFF,
    0xFF, 0x30, 0x00, 0x09, 0xEF, 0xFF, 0xFF, 0xFF, 0xFF, 0xFF, 0xF3, 0x00, 0x0A, 0xFF, 0xFF, 0xFF,
    0xFF, 0xFF, 0xFF, 0xFF, 0x10, 0x02, 0xFF, 0xFF, 0xFF, 0xFF, 0xFF, 0xFF, 0xFF, 0xE0, 0x00, 0x7F,
    0xFF, 0xFF, 0xFF, 0xFF, 0xFF, 0xFF, 0xF8, 0x00, 0x08, 0xFF, 0xFF, 0xFF, 0xFF, 0xFF, 0xFF, 0xFC,
    0x10, 0x00, 0xAF, 0xFF, 0xFF, 0xEE, 0xEE, 0xEE, 0xB8, 0x00, 0x00, 0x0A, 0xFF, 0xFF, 0x60, 0x00,
    0x00, 0x00, 0x00, 0x00, 0x00, 0xAF, 0xFF, 0xF4, 0x00, 0x00, 0x00, 0x00, 0x00, 0x00, 0x0A, 0xFF,
    0xFF, 0x40, 0x00, 0x00, 0x00, 0x00, 0x00, 0x00, 0xAF, 0xFF, 0xFF, 0xFF, 0xFF, 0xFF, 0xFF, 0xFF,
    0x30, 0x0A, 0xFF, 0xFF, 0xFF, 0xFF, 0xFF, 0xFF, 0xFF, 0xF3, 0x00, 0xAF, 0xFF, 0xFF, 0xFF, 0xFF,
    0xFF, 0xFF, 0xFF, 0x30, 0x0A, 0xFF, 0xFF, 0xFF, 0xFF, 0xFF, 0xFF, 0xFF, 0xF3, 0x00, 0xAF, 0xFF,
    0xFF, 0xFF, 0xFF, 0xFF, 0xFF, 0xFF, 0x30, 0x0A, 0xFF, 0xFF, 0xFF, 0xFF, 0xFF, 0xFF, 0xFF, 0xF3,
    0x00, 0x7A, 0xAA, 0xAA, 0xAA, 0xAA, 0xAA, 0xAA, 0xAA, 0x20, 0x00, 0x00, 0x00, 0x00, 0x00, 0x00,
    0x00, 0x00, 0x00, 0x00, 0xCF, 0xFF, 0xFF, 0xFF, 0xFF, 0xFF, 0xEB, 0x30, 0x00, 0x0C, 0xFF, 0xFF,
    0xFF, 0xFF, 0xFF, 0xFF, 0xFF, 0x30, 0x00, 0xCF, 0xFF, 0xFF, 0xFF, 0xFF, 0xFF, 0xFF, 0xF9, 0x00,
    0x0C, 0xFF, 0xFF, 0xFF, 0xFF, 0xFF, 0xFF, 0xFF, 0xD0, 0x00, 0xCF, 0xFF, 0xFF, 0xFF, 0xFF, 0xFF,
    0xFF, 0xFE, 0x00, 0x0C, 0xFF, 0xFF, 0xFF, 0xFF, 0xFF, 0xFF, 0xFF, 0xE0, 0x00, 0xCF, 0xFF, 0xF9,
    0x88, 0x88, 0xCF, 0xFF, 0xFF, 0x00, 0x0C, 0xFF, 0xFF, 0x30, 0x00, 0x01, 0xFF, 0xFF, 0xF0, 0x00,
    0xCF, 0xFF, 0xF3, 0x00, 0x00, 0x0D, 0xFF, 0xFF, 0x00, 0x00, 0x00, 0x00, 0x00, 0x00, 0x00, 0xEF,
    0xFF, 0xF0, 0x00, 0x00, 0x00, 0x00, 0x00, 0xCC, 0xEF, 0xFF, 0xFE, 0x00, 0x00, 0x00, 0x00, 0x00,
    0x0F, 0xFF, 0xFF, 0xFF, 0xC0, 0x00, 0x00, 0x00, 0x00, 0x00, 0xFF, 0xFF, 0xFF, 0xF4, 0x00, 0x00,
    0x00, 0x00, 0x00, 0x0F, 0xFF, 0xFF, 0xFF, 0x50, 0x00, 0x00, 0x00, 0x00, 0x00, 0xFF, 0xFF, 0xFF,
    0xFE, 0x00, 0x00, 0x00, 0x00, 0x00, 0x0C, 0xCD, 0xFF, 0xFF, 0xF1, 0x00, 0x00, 0x00, 0x00, 0x00,
    0x00, 0x0E, 0xFF, 0xFF, 0x20, 0x0C, 0xFF, 0xFF, 0x30, 0x00, 0x00, 0xDF, 0xFF, 0xF2, 0x00, 0xCF,
    0xFF, 0xF3, 0x00, 0x00, 0x0E, 0xFF, 0xFF, 0x20, 0x0C, 0xFF, 0xFF, 0x87, 0x77, 0x79, 0xFF, 0xFF,
    0xF2, 0x00, 0xCF, 0xFF, 0xFF, 0xFF, 0xFF, 0xFF, 0xFF, 0xFF, 0x10, 0x0C, 0xFF, 0xFF, 0xFF, 0xFF,
    0xFF, 0xFF, 0xFF, 0xF1, 0x00, 0xCF, 0xFF, 0xFF, 0xFF, 0xFF, 0xFF, 0xFF, 0xFE, 0x00, 0x0C, 0xFF,
    0xFF, 0xFF, 0xFF, 0xFF, 0xFF, 0xFF, 0xA0, 0x00, 0xCF, 0xFF, 0xFF, 0xFF, 0xFF, 0xFF, 0xFF, 0xF3,
    0x00, 0x0C, 0xFF, 0xFF, 0xFF, 0xFF, 0xFF, 0xFE, 0xB4, 0x00, 0x00, 0x12, 0x22, 0x22, 0x22, 0x22,
    0x21, 0x00, 0x00, 0x00, 0x00, 0x00, 0x00, 0x0D, 0xFF, 0xFF, 0xFB, 0x00, 0x00, 0x00, 0x00, 0x04,
    0xFF, 0xFF, 0xFF, 0xB0, 0x00, 0x00, 0x00, 0x00, 0xAF, 0xFF, 0xFF, 0xFB, 0x00, 0x00, 0x00, 0x00,
    0x1F, 0xFF, 0xFF, 0xFF, 0xB0, 0x00, 0x00, 0x00, 0x07, 0xFF, 0xFF, 0xFF, 0xFB, 0x00, 0x00, 0x00,
    0x00, 0xDF, 0xFF, 0xFF, 0xFF, 0xB0, 0x00, 0x00, 0x00, 0x4F, 0xFF, 0xFF, 0xFF, 0xFB, 0x00, 0x00,
    0x00, 0x0A, 0xFF, 0xFF, 0xFF, 0xFF, 0xB0, 0x00, 0x00, 0x01, 0xFF, 0xFF, 0xDF, 0xFF, 0xFB, 0x00,
    0x00, 0x00, 0x7F, 0xFF, 0xF8, 0xFF, 0xFF, 0xB0, 0x00, 0x00, 0x0D, 0xFF, 0xFE, 0x3F, 0xFF, 0xFB,
    0x00, 0x00, 0x04, 0xFF, 0xFF, 0x83, 0xFF, 0xFF, 0xB0, 0x00, 0x00, 0xAF, 0xFF, 0xF2, 0x3F, 0xFF,
    0xFB, 0x00, 0x00, 0x1F, 0xFF, 0xFB, 0x03, 0xFF, 0xFF, 0xB0, 0x00, 0x07, 0xFF, 0xFF, 0x50, 0x3F,
    0xFF, 0xFB, 0x00, 0x00, 0xDF, 0xFF, 0xD0, 0x03, 0xFF, 0xFF, 0xB0, 0x00, 0x3F, 0xFF, 0xF8, 0x00,
    0x3F, 0xFF, 0xFB, 0x00, 0x04, 0xFF, 0xFF, 0xFF, 0xFF, 0xFF, 0xFF, 0xFF, 0xD0, 0x4F, 0xFF, 0xFF,
    0xFF, 0xFF, 0xFF, 0xFF, 0xFD, 0x04, 0xFF, 0xFF, 0xFF, 0xFF, 0xFF, 0xFF, 0xFF, 0xD0, 0x4F, 0xFF,
    0xFF, 0xFF, 0xFF, 0xFF, 0xFF, 0xFD, 0x04, 0xFF, 0xFF, 0xFF, 0xFF, 0xFF, 0xFF, 0xFF, 0xD0, 0x00,
    0x00, 0x00, 0x00, 0x3F, 0xFF, 0xFB, 0x00, 0x00, 0x00, 0x00, 0x00, 0x03, 0xFF, 0xFF, 0xB0, 0x00,
    0x00, 0x00, 0x00, 0x00, 0x3F, 0xFF, 0xFB, 0x00, 0x00, 0x00, 0x00, 0x00, 0x03, 0xFF, 0xFF, 0xB0,
    0x00, 0x09, 0xFF, 0xFF, 0xFF, 0xFF, 0xFF, 0xFF, 0xFF, 0xF4, 0x09, 0xFF, 0xFF, 0xFF, 0xFF, 0xFF,
    0xFF, 0xFF, 0xF4, 0x09, 0xFF, 0xFF, 0xFF, 0xFF, 0xFF, 0xFF, 0xFF, 0xF4, 0x09, 0xFF, 0xFF, 0xFF,
    0xFF, 0xFF, 0xFF, 0xFF, 0xF4, 0x09, 0xFF, 0xFF, 0xFF, 0xFF, 0xFF, 0xFF, 0xFF, 0xF4, 0x09, 0xFF,
    0xFF, 0xFF, 0xFF, 0xFF, 0xFF, 0xFF, 0xF4, 0x09, 0xFF, 0xFF, 0xFF, 0xFF, 0xFF, 0xFF, 0xFF, 0xF4,
    0x09, 0xFF, 0xFF, 0x60, 0x00, 0x00, 0x00, 0x00, 0x00, 0x09, 0xFF, 0xFF, 0x60, 0x00, 0x00, 0x00,
    0x00, 0x00, 0x09, 0xFF, 0xFF, 0x60, 0x00, 0x00, 0x00, 0x00, 0x00, 0x09, 0xFF, 0xFF, 0xED, 0xDD,
    0xDD, 0xDD, 0xDD, 0xD4, 0x09, 0xFF, 0xFF, 0xFF, 0xFF, 0xFF, 0xFF, 0xFF, 0xF5, 0x09, 0xFF, 0xFF,
    0xFF, 0xFF, 0xFF, 0xFF, 0xFF, 0xF5, 0x09, 0xFF, 0xFF, 0xFF, 0xFF, 0xFF, 0xFF, 0xFF, 0xF5, 0x09,
    0xFF, 0xFF, 0xFF, 0xFF, 0xFF, 0xFF, 0xFF, 0xF5, 0x09, 0xFF, 0xFF, 0xFF, 0xFF, 0xFF, 0xFF, 0xFF,
    0xF5, 0x00, 0x00, 0x00, 0x00, 0x00, 0x00, 0xAF, 0xFF, 0xF5, 0x00, 0x00, 0x00, 0x00, 0x00, 0x00,
    0xAF, 0xFF, 0xF5, 0x09, 0xFF, 0xFF, 0x60, 0x00, 0x00, 0xAF, 0xFF, 0xF5, 0x09, 0xFF, 0xFF, 0xB4,
    0x44, 0x45, 0xEF, 0xFF, 0xF5, 0x09, 0xFF, 0xFF, 0xFF, 0xFF, 0xFF, 0xFF, 0xFF, 0xF4, 0x08, 0xFF,
    0xFF, 0xFF, 0xFF, 0xFF, 0xFF, 0xFF, 0xF4, 0x06, 0xFF, 0xFF, 0xFF, 0xFF, 0xFF, 0xFF, 0xFF, 0xF2,
    0x03, 0xFF, 0xFF, 0xFF, 0xFF, 0xFF, 0xFF, 0xFF, 0xE0, 0x00, 0xCF, 0xFF, 0xFF, 0xFF, 0xFF, 0xFF,
    0xFF, 0x80, 0x00, 0x19, 0xFF, 0xFF, 0xFF, 0xFF, 0xFF, 0xF7, 0x00, 0x00, 0x00, 0x02, 0x44, 0x44,
    0x44, 0x32, 0x00, 0x00, 0x00, 0x00, 0x00, 0x22, 0x22, 0x22, 0x21, 0x00, 0x00, 0x00, 0x00, 0x7E,
    0xFF, 0xFF, 0xFF, 0xFF, 0xFE, 0x80, 0x00, 0x00, 0x9F, 0xFF, 0xFF, 0xFF, 0xFF, 0xFF, 0xFF, 0xB0,
    0x00, 0x1F, 0xFF, 0xFF, 0xFF, 0xFF, 0xFF, 0xFF, 0xFF, 0x30, 0x04, 0xFF, 0xFF, 0xFF, 0xFF, 0xFF,
    0xFF, 0xFF, 0xF5, 0x00, 0x6F, 0xFF, 0xFF, 0xFF, 0xFF, 0xFF, 0xFF, 0xFF, 0x70, 0x07, 0xFF, 0xFF,
    0xFF, 0xFF, 0xFF, 0xFF, 0xFF, 0xF7, 0x00, 0x7F, 0xFF, 0xFE, 0x88, 0x88, 0x9E, 0xFF, 0xFF, 0x70,
    0x07, 0xFF, 0xFF, 0x80, 0x00, 0x00, 0x8F, 0xFF, 0xF7, 0x00, 0x7F, 0xFF, 0xF8, 0x00, 0x00, 0x01,
    0x11, 0x11, 0x10, 0x07, 0xFF, 0xFF, 0x92, 0x22, 0x22, 0x22, 0x00, 0x00, 0x00, 0x7F, 0xFF, 0xFF,
    0xFF, 0xFF, 0xFF, 0xFE, 0x91, 0x00, 0x07, 0xFF, 0xFF, 0xFF, 0xFF, 0xFF, 0xFF, 0xFF, 0xA0, 0x00,
    0x7F, 0xFF, 0xFF, 0xFF, 0xFF, 0xFF, 0xFF, 0xFF, 0x10, 0x07, 0xFF, 0xFF, 0xFF, 0xFF, 0xFF, 0xFF,
    0xFF, 0xF4, 0x00, 0x7F, 0xFF, 0xFF, 0xFF, 0xFF, 0xFF, 0xFF, 0xFF, 0x50, 0x07, 0xFF, 0xFF, 0xFF,
    0xFF, 0xFF, 0xFF, 0xFF, 0xF7, 0x00, 0x7F, 0xFF, 0xF7, 0x33, 0x33, 0x3C, 0xFF, 0xFF, 0x70, 0x07,
    0xFF, 0xFF, 0x40, 0x00, 0x00, 0x7F, 0xFF, 0xF7, 0x00, 0x7F, 0xFF, 0xF4, 0x00, 0x00, 0x08, 0xFF,
    0xFF, 0x70, 0x07, 0xFF, 0xFF, 0xBA, 0xAA, 0xAA, 0xEF, 0xFF, 0xF7, 0x00, 0x7F, 0xFF, 0xFF, 0xFF,
    0xFF, 0xFF, 0xFF, 0xFF, 0x60, 0x07, 0xFF, 0xFF, 0xFF, 0xFF, 0xFF, 0xFF, 0xFF, 0xF5, 0x00, 0x7F,
    0xFF, 0xFF, 0xFF, 0xFF, 0xFF, 0xFF, 0xFF, 0x30, 0x07, 0xFF, 0xFF, 0xFF, 0xFF, 0xFF, 0xFF, 0xFF,
    0xE0, 0x00, 0x7F, 0xFF, 0xFF, 0xFF, 0xFF, 0xFF, 0xFF, 0xF7, 0x00, 0x07, 0xFF, 0xFF, 0xFF, 0xFF,
    0xFF, 0xFD, 0xB4, 0x00, 0x00, 0x29, 0x99, 0x99, 0x99, 0x99, 0x99, 0x99, 0x90, 0x3F, 0xFF, 0xFF,
    0xFF, 0xFF, 0xFF, 0xFF, 0xF0, 0x3F, 0xFF, 0xFF, 0xFF, 0xFF, 0xFF, 0xFF, 0xF0, 0x3F, 0xFF, 0xFF,
    0xFF, 0xFF, 0xFF, 0xFF, 0xF0, 0x3F, 0xFF, 0xFF, 0xFF, 0xFF, 0xFF, 0xFF, 0xC0, 0x3F, 0xFF, 0xFF,
    0xFF, 0xFF, 0xFF, 0xFF, 0x70, 0x3F, 0xFF, 0xFF, 0xFF, 0xFF, 0xFF, 0xFF, 0x10, 0x00, 0x00, 0x00,
    0x01, 0xFF, 0xFF, 0xFB, 0x00, 0x00, 0x00, 0x00, 0x06, 0xFF, 0xFF, 0xF5, 0x00, 0x00, 0x00, 0x00,
    0x0B, 0xFF, 0xFF, 0xE1, 0x00, 0x00, 0x00, 0x00, 0x2F, 0xFF, 0xFF, 0xA0, 0x00, 0x00, 0x00, 0x00,
    0x7F, 0xFF, 0xFF, 0x40, 0x00, 0x00, 0x00, 0x00, 0xCF, 0xFF, 0xFE, 0x00, 0x00, 0x00, 0x00, 0x03,
    0xFF, 0xFF, 0xF8, 0x00, 0x00, 0x00, 0x00, 0x08, 0xFF, 0xFF, 0xF3, 0x00, 0x00, 0x00, 0x00, 0x0D,
    0xFF, 0xFF, 0xD0, 0x00, 0x00, 0x00, 0x00, 0x4F, 0xFF, 0xFF, 0x70, 0x00, 0x00, 0x00, 0x00, 0x9F,
    0xFF, 0xFF, 0x20, 0x00, 0x00, 0x00, 0x00, 0xEF, 0xFF, 0xFC, 0x00, 0x00, 0x00, 0x00, 0x05, 0xFF,
    0xFF, 0xF6, 0x00, 0x00, 0x00, 0x00, 0x0A, 0xFF, 0xFF, 0xF1, 0x00, 0x00, 0x00, 0x00, 0x1F, 0xFF,
    0xFF, 0xA0, 0x00, 0x00, 0x00, 0x00, 0x6F, 0xFF, 0xFF, 0x50, 0x00, 0x00, 0x00, 0x00, 0xBF, 0xFF,
    0xFE, 0x00, 0x00, 0x00, 0x00, 0x02, 0xFF, 0xFF, 0xF9, 0x00, 0x00, 0x00, 0x00, 0x07, 0xFF, 0xFF,
    0xF4, 0x00, 0x00, 0x00, 0x00, 0x0D, 0xFF, 0xFF, 0xD0, 0x00, 0x00, 0x00, 0x00, 0x00, 0x00, 0x01,
    0x22, 0x22, 0x22, 0x21, 0x00, 0x00, 0x00, 0x01, 0x8E, 0xFF, 0xFF, 0xFF, 0xFF, 0xFE, 0x60, 0x00,
    0x00, 0x9F, 0xFF, 0xFF, 0xFF, 0xFF, 0xFF, 0xFF, 0x70, 0x00, 0x1F, 0xFF, 0xFF, 0xFF, 0xFF, 0xFF,
    0xFF, 0xFD, 0x00, 0x04, 0xFF, 0xFF, 0xFF, 0xFF, 0xFF, 0xFF, 0xFF, 0xF1, 0x00, 0x5F, 0xFF, 0xFF,
    0xFF, 0xFF, 0xFF, 0xFF, 0xFF, 0x30, 0x06, 0xFF, 0xFF, 0xFF, 0xFF, 0xFF, 0xFF, 0xFF, 0xF3, 0x00,
    0x6F, 0xFF, 0xFE, 0x87, 0x77, 0x9F, 0xFF, 0xFF, 0x30, 0x06, 0xFF, 0xFF, 0x80, 0x00, 0x00, 0xCF,
    0xFF, 0xF3, 0x00, 0x6F, 0xFF, 0xF7, 0x00, 0x00, 0x0A, 0xFF, 0xFF, 0x30, 0x06, 0xFF, 0xFF, 0x80,
    0x00, 0x00, 0xBF, 0xFF, 0xF3, 0x00, 0x5F, 0xFF, 0xFF, 0xDC, 0xCC, 0xDF, 0xFF, 0xFF, 0x20, 0x03,
    0xFF, 0xFF, 0xFF, 0xFF, 0xFF, 0xFF, 0xFF, 0xF0, 0x00, 0x09, 0xFF, 0xFF, 0xFF, 0xFF, 0xFF, 0xFF,
    0xF7, 0x00, 0x01, 0xCF, 0xFF, 0xFF, 0xFF, 0xFF, 0xFF, 0xFF, 0xA0, 0x00, 0x6F, 0xFF, 0xFF, 0xFF,
    0xFF, 0xFF, 0xFF, 0xFF, 0x30, 0x08, 0xFF, 0xFF, 0xE9, 0x99, 0x99, 0xEF, 0xFF, 0xF5, 0x00, 0x8F,
    0xFF, 0xF7, 0x00, 0x00, 0x0A, 0xFF, 0xFF, 0x50, 0x08, 0xFF, 0xFF, 0x60, 0x00, 0x00, 0x9F, 0xFF,
    0xF5, 0x00, 0x8F, 0xFF, 0xF7, 0x00, 0x00, 0x0B, 0xFF, 0xFF, 0x50, 0x08, 0xFF, 0xFF, 0xE9, 0x88,
    0x89, 0xFF, 0xFF, 0xF5, 0x00, 0x7F, 0xFF, 0xFF, 0xFF, 0xFF, 0xFF, 0xFF, 0xFF, 0x50, 0x07, 0xFF,
    0xFF, 0xFF, 0xFF, 0xFF, 0xFF, 0xFF, 0xF4, 0x00, 0x4F, 0xFF, 0xFF, 0xFF, 0xFF, 0xFF, 0xFF, 0xFF,
    0x20, 0x01, 0xFF, 0xFF, 0xFF, 0xFF, 0xFF, 0xFF, 0xFF, 0xD0, 0x00, 0x08, 0xFF, 0xFF, 0xFF, 0xFF,
    0xFF, 0xFF, 0xF5, 0x00, 0x00, 0x05, 0xBD, 0xFF, 0xFF, 0xFF, 0xED, 0xA4, 0x00, 0x00, 0x00, 0x04,
    0xAC, 0xEE, 0xEE, 0xEE, 0xEE, 0xEE, 0xE4, 0x00, 0x08, 0xFF, 0xFF, 0xFF, 0xFF, 0xFF, 0xFF, 0xFF,
    0x40, 0x02, 0xFF, 0xFF, 0xFF, 0xFF, 0xFF, 0xFF, 0xFF, 0xF4, 0x00, 0x6F, 0xFF, 0xFF, 0xFF, 0xFF,
    0xFF, 0xFF, 0xFF, 0x40, 0x08, 0xFF, 0xFF, 0xFF, 0xFF, 0xFF, 0xFF, 0xFF, 0xF4, 0x00, 0x9F, 0xFF,
    0xFF, 0xFF, 0xFF, 0xFF, 0xFF, 0xFF, 0x40, 0x09, 0xFF, 0xFF, 0xEB, 0xBB, 0xBB, 0xDF, 0xFF, 0xF4,
    0x00, 0x9F, 0xFF, 0xF6, 0x00, 0x00, 0x07, 0xFF, 0xFF, 0x40, 0x09, 0xFF, 0xFF, 0x50, 0x00, 0x00,
    0x7F, 0xFF, 0xF4, 0x00, 0x9F, 0xFF, 0xF9, 0x22, 0x22, 0x28, 0xFF, 0xFF, 0x40, 0x09, 0xFF, 0xFF,
    0xFF, 0xFF, 0xFF, 0xFF, 0xFF, 0xF4, 0x00, 0x8F, 0xFF, 0xFF, 0xFF, 0xFF, 0xFF, 0xFF, 0xFF, 0x40,
    0x07, 0xFF, 0xFF, 0xFF, 0xFF, 0xFF, 0xFF, 0xFF, 0xF4, 0x00, 0x4F, 0xFF, 0xFF, 0xFF, 0xFF, 0xFF,
    0xFF, 0xFF, 0x40, 0x00, 0xDF, 0xFF, 0xFF, 0xFF, 0xFF, 0xFF, 0xFF, 0xF4, 0x00, 0x02, 0xCF, 0xFF,
    0xFF, 0xFF, 0xFF, 0xFF, 0xFF, 0x40, 0x00, 0x00, 0x13, 0x33, 0x33, 0x33, 0xCF, 0xFF, 0xF4, 0x00,
    0x00, 0x00, 0x00, 0x00, 0x00, 0x0B, 0xFF, 0xFF, 0x40, 0x0A, 0xFF, 0xFF, 0x50, 0x00, 0x00, 0xCF,
    0xFF, 0xF4, 0x00, 0xAF, 0xFF, 0xFC, 0x77, 0x77, 0x8F, 0xFF, 0xFF, 0x40, 0x09, 0xFF, 0xFF, 0xFF,
    0xFF, 0xFF, 0xFF, 0xFF, 0xF4, 0x00, 0x9F, 0xFF, 0xFF, 0xFF, 0xFF, 0xFF, 0xFF, 0xFF, 0x30, 0x07,
    0xFF, 0xFF, 0xFF, 0xFF, 0xFF, 0xFF, 0xFF, 0xF2, 0x00, 0x4F, 0xFF, 0xFF, 0xFF, 0xFF, 0xFF, 0xFF,
    0xFE, 0x00, 0x00, 0xCF, 0xFF, 0xFF, 0xFF, 0xFF, 0xFF, 0xFF, 0x80, 0x00, 0x01, 0xAF, 0xFF, 0xFF,
    0xFF, 0xFF, 0xFE, 0x70, 0x00, 0x00, 0x00, 0x13, 0x33, 0x33, 0x33, 0x32, 0x00, 0x00, 0x00, 0x5F,
    0xFF, 0xFF, 0xFF, 0xB5, 0xFF, 0xFF, 0xFF, 0xFB, 0x5F, 0xFF, 0xFF, 0xFF, 0xB5, 0xFF, 0xFF, 0xFF,
    0xFB, 0x5F, 0xFF, 0xFF, 0xFF, 0xB2, 0x66, 0x66, 0x66, 0x65, 0x00, 0x00, 0x00, 0x00, 0x00, 0x00,
    0x00, 0x00, 0x00, 0x00, 0x00, 0x00, 0x00, 0x00, 0x00, 0x00, 0x00, 0x00, 0x00, 0x00, 0x00, 0x00,
    0x00, 0x00, 0x00, 0x00, 0x00, 0x00, 0x00, 0x00, 0x00, 0x00, 0x00, 0x00, 0x00, 0x00, 0x00, 0x00,
    0x00, 0x00, 0x00,
};

static const char SMOOTH_SIDE_COMPACT_CHARS[] = "0123456789-";
static const SmoothGlyph SMOOTH_SIDE_COMPACT_GLYPHS[] PROGMEM = {
    {0, 15, 21, 0, -21, 15}, // 0
    {158, 7, 22, 0, -21, 7}, // 1
    {235, 15, 22, 0, -21, 15}, // 2
    {400, 15, 22, 0, -21, 15}, // 3
    {565, 13, 21, 0, -21, 13}, // 4
    {702, 15, 21, 0, -21, 15}, // 5
    {860, 15, 21, 0, -21, 15}, // 6
    {1018, 12, 21, 0, -21, 12}, // 7
    {1144, 15, 21, 0, -21, 15}, // 8
    {1302, 15, 22, 0, -21, 15}, // 9
    {1467, 7, 12, 0, -12, 7}, // -
};

static const uint8_t SMOOTH_SIDE_COMPACT_PIXELS[] PROGMEM = {
    0x0C, 0xFF, 0xFF, 0xFF, 0xFF, 0xFF, 0xFF, 0x00, 0xCF, 0xFF, 0xFF, 0xFF, 0xFF, 0xFF, 0xF0, 0x0C,
    0xFF, 0xFF, 0xFF, 0xFF, 0xFF, 0xFF, 0x00, 0xCF, 0xFF, 0xFF, 0xFF, 0xFF, 0xFF, 0xF0, 0x0C, 0xFF,
    0xFF, 0xFF, 0xFF, 0xFF, 0xFF, 0x00, 0xCF, 0xFF, 0x30, 0x00, 0x0E, 0xFF, 0xF0, 0x0C, 0xFF, 0xF3,
    0x00, 0x00, 0xEF, 0xFF, 0x00, 0xCF, 0xFF, 0x30, 0x00, 0x0E, 0xFF, 0xF0, 0x0C, 0xFF, 0xF3, 0x00,
    0x00, 0xEF, 0xFF, 0x00, 0xCF, 0xFF, 0x30, 0x00, 0x0E, 0xFF, 0xF0, 0x0C, 0xFF, 0xF3, 0x00, 0x00,
    0xEF, 0xFF, 0x00, 0xCF, 0xFF, 0x30, 0x00, 0x0E, 0xFF, 0xF0, 0x0C, 0xFF, 0xF3, 0x00, 0x00, 0xEF,
    0xFF, 0x00, 0xCF, 0xFF, 0x30, 0x00, 0x0E, 0xFF, 0xF0, 0x0C, 0xFF, 0xF3, 0x00, 0x00, 0xEF, 0xFF,
    0x00, 0xCF, 0xFF, 0xBB, 0xBB, 0xBF, 0xFF, 0xF0, 0x0C, 0xFF, 0xFF, 0xFF, 0xFF, 0xFF, 0xFF, 0x00,
    0xCF, 0xFF, 0xFF, 0xFF, 0xFF, 0xFF, 0xF0, 0x0C, 0xFF, 0xFF, 0xFF, 0xFF, 0xFF, 0xFF, 0x00, 0xCF,
    0xFF, 0xFF, 0xFF, 0xFF, 0xFF, 0xF0, 0x07, 0x99, 0x99, 0x99, 0x99, 0x99, 0x98, 0x00, 0x8F, 0xFF,
    0xF6, 0x08, 0xFF, 0xFF, 0x60, 0x8F, 0xFF, 0xF6, 0x08, 0xFF, 0xFF, 0x60, 0x8F, 0xFF, 0xF6, 0x08,
    0xFF, 0xFF, 0x60, 0x09, 0xFF, 0xF6, 0x00, 0x9F, 0xFF, 0x60, 0x09, 0xFF, 0xF6, 0x00, 0x9F, 0xFF,
    0x60, 0x09, 0xFF, 0xF6, 0x00, 0x9F, 0xFF, 0x60, 0x09, 0xFF, 0xF6, 0x00, 0x9F, 0xFF, 0x60, 0x09,
    0xFF, 0xF6, 0x00, 0x9F, 0xFF, 0x60, 0x09, 0xFF, 0xF6, 0x00, 0x9F, 0xFF, 0x60, 0x09, 0xFF, 0xF6,
    0x00, 0x9F, 0xFF, 0x60, 0x09, 0xFF, 0xF6, 0x00, 0x36, 0x66, 0x20, 0x0E, 0xFF, 0xFF, 0xFF, 0xFF,
    0xFF, 0xF9, 0x00, 0xEF, 0xFF, 0xFF, 0xFF, 0xFF, 0xFF, 0x90, 0x0E, 0xFF, 0xFF, 0xFF, 0xFF, 0xFF,
    0xF9, 0x00, 0xEF, 0xFF, 0xFF, 0xFF, 0xFF, 0xFF, 0x90, 0x0E, 0xFF, 0xFF, 0xFF, 0xFF, 0xFF, 0xF9,
    0x00, 0xEF, 0xFE, 0x00, 0x00, 0x5F, 0xFF, 0x90, 0x0E, 0xFF, 0xE0, 0x00, 0x05, 0xFF, 0xF9, 0x00,
    0x00, 0x00, 0x00, 0x00, 0x5F, 0xFF, 0x90, 0x00, 0x05, 0x77, 0x77, 0x7C, 0xFF, 0xF9, 0x00, 0x1C,
    0xFF, 0xFF, 0xFF, 0xFF, 0xFF, 0x80, 0x07, 0xFF, 0xFF, 0xFF, 0xFF, 0xFF, 0xF6, 0x00, 0xBF, 0xFF,
    0xFF, 0xFF, 0xFF, 0xFE, 0x10, 0x0D, 0xFF, 0xFF, 0xFF, 0xFF, 0xFF, 0x60, 0x00, 0xEF, 0xFF, 0x98,
    0x88, 0x86, 0x20, 0x00, 0x0E, 0xFF, 0xE0, 0x00, 0x00, 0x00, 0x00, 0x00, 0xEF, 0xFE, 0x00, 0x00,
    0x00, 0x00, 0x00, 0x0E, 0xFF, 0xFF, 0xFF, 0xFF, 0xFF, 0xF9, 0x00, 0xEF, 0xFF, 0xFF, 0xFF, 0xFF,
    0xFF, 0x90, 0x0E, 0xFF, 0xFF, 0xFF, 0xFF, 0xFF, 0xF9, 0x00, 0xEF, 0xFF, 0xFF, 0xFF, 0xFF, 0xFF,
    0x90, 0x0E, 0xFF, 0xFF, 0xFF, 0xFF, 0xFF, 0xF9, 0x00, 0x44, 0x44, 0x44, 0x44, 0x44, 0x44, 0x20,
    0x02, 0x22, 0x22, 0x22, 0x22, 0x00, 0x00, 0x01, 0xFF, 0xFF, 0xFF, 0xFF, 0xFF, 0xD4, 0x00, 0x1F,
    0xFF, 0xFF, 0xFF, 0xFF, 0xFF, 0xE1, 0x01, 0xFF, 0xFF, 0xFF, 0xFF, 0xFF, 0xFF, 0x40, 0x1F, 0xFF,
    0xFF, 0xFF, 0xFF, 0xFF, 0xF5, 0x01, 0xFF, 0xFF, 0xFF, 0xFF, 0xFF, 0xFF, 0x60, 0x1F, 0xFF, 0xD1,
    0x11, 0x2B, 0xFF, 0xF6, 0x01, 0xFF, 0xFD, 0x00, 0x00, 0x7F, 0xFF, 0x60, 0x00, 0x00, 0x00, 0x01,
    0x2A, 0xFF, 0xF6, 0x00, 0x00, 0x00, 0x00, 0xDF, 0xFF, 0xFF, 0x50, 0x00, 0x00, 0x00, 0x0D, 0xFF,
    0xFF, 0xD1, 0x00, 0x00, 0x00, 0x00, 0xDF, 0xFF, 0xFD, 0x20, 0x00, 0x00, 0x00, 0x0D, 0xFF, 0xFF,
    0xF7, 0x00, 0x00, 0x00, 0x00, 0x22, 0x9F, 0xFF, 0x80, 0x1F, 0xFF, 0xD0, 0x00, 0x06, 0xFF, 0xF8,
    0x01, 0xFF, 0xFD, 0x00, 0x00, 0x9F, 0xFF, 0x80, 0x1F, 0xFF, 0xFF, 0xFF, 0xFF, 0xFF, 0xF7, 0x01,
    0xFF, 0xFF, 0xFF, 0xFF, 0xFF, 0xFF, 0x70, 0x1F, 0xFF, 0xFF, 0xFF, 0xFF, 0xFF, 0xF5, 0x01, 0xFF,
    0xFF, 0xFF, 0xFF, 0xFF, 0xFE, 0x10, 0x1F, 0xFF, 0xFF, 0xFF, 0xFF, 0xFC, 0x40, 0x00, 0x33, 0x33,
    0x33, 0x33, 0x21, 0x00, 0x00, 0x00, 0x00, 0x06, 0xFF, 0xFF, 0xD0, 0x00, 0x00, 0x00, 0xBF, 0xFF,
    0xFD, 0x00, 0x00, 0x00, 0x2F, 0xFF, 0xFF, 0xD0, 0x00, 0x00, 0x08, 0xFF, 0xFF, 0xFD, 0x00, 0x00,
    0x00, 0xEF, 0xFF, 0xFF, 0xD0, 0x00, 0x00, 0x4F, 0xFF, 0xFF, 0xFD, 0x00, 0x00, 0x0A, 0xFF, 0xFF,
    0xFF, 0xD0, 0x00, 0x01, 0xFF, 0xFB, 0xFF, 0xFD, 0x00, 0x00, 0x7F, 0xFF, 0x5F, 0xFF, 0xD0, 0x00,
    0x0D, 0xFF, 0xE1, 0xFF, 0xFD, 0x00, 0x03, 0xFF, 0xF8, 0x1F, 0xFF, 0xD0, 0x00, 0x9F, 0xFF, 0x21,
    0xFF, 0xFD, 0x00, 0x1E, 0xFF, 0xB0, 0x1F, 0xFF, 0xD0, 0x05, 0xFF, 0xF6, 0x01, 0xFF, 0xFD, 0x00,
    0x6F, 0xFF, 0xFF, 0xFF, 0xFF, 0xFF, 0x86, 0xFF, 0xFF, 0xFF, 0xFF, 0xFF, 0xF8, 0x6F, 0xFF, 0xFF,
    0xFF, 0xFF, 0xFF, 0x86, 0xFF, 0xFF, 0xFF, 0xFF, 0xFF, 0xF8, 0x00, 0x00, 0x00, 0x1F, 0xFF, 0xD0,
    0x00, 0x00, 0x00, 0x01, 0xFF, 0xFD, 0x00, 0x00, 0x00, 0x00, 0x1F, 0xFF, 0xD0, 0x00, 0x0D, 0xFF,
    0xFF, 0xFF, 0xFF, 0xFF, 0xFA, 0x00, 0xDF, 0xFF, 0xFF, 0xFF, 0xFF, 0xFF, 0xA0, 0x0D, 0xFF, 0xFF,
    0xFF, 0xFF, 0xFF, 0xFA, 0x00, 0xDF, 0xFF, 0xFF, 0xFF, 0xFF, 0xFF, 0xA0, 0x0D, 0xFF, 0xFF, 0xFF,
    0xFF, 0xFF, 0xFA, 0x00, 0xDF, 0xFF, 0xFF, 0xFF, 0xFF, 0xFF, 0xA0, 0x0D, 0xFF, 0xF0, 0x00, 0x00,
    0x00, 0x00, 0x00, 0xDF, 0xFF, 0x00, 0x00, 0x00, 0x00, 0x00, 0x0D, 0xFF, 0xF9, 0x99, 0x99, 0x99,
    0x96, 0x00, 0xDF, 0xFF, 0xFF, 0xFF, 0xFF, 0xFF, 0xA0, 0x0D, 0xFF, 0xFF, 0xFF, 0xFF, 0xFF, 0xFA,
    0x00, 0xDF, 0xFF, 0xFF, 0xFF, 0xFF, 0xFF, 0xA0, 0x0D, 0xFF, 0xFF, 0xFF, 0xFF, 0xFF, 0xFA, 0x00,
    0x00, 0x00, 0x00, 0x00, 0x4F, 0xFF, 0xA0, 0x0D, 0xFF, 0xF2, 0x00, 0x05, 0xFF, 0xFA, 0x00, 0xDF,
    0xFF, 0xC9, 0x99, 0xDF, 0xFF, 0xA0, 0x0C, 0xFF, 0xFF, 0xFF, 0xFF, 0xFF, 0xF9, 0x00, 0xBF, 0xFF,
    0xFF, 0xFF, 0xFF, 0xFF, 0x80, 0x07, 0xFF, 0xFF, 0xFF, 0xFF, 0xFF, 0xF4, 0x00, 0x1C, 0xFF, 0xFF,
    0xFF, 0xFF, 0xFB, 0x00, 0x00, 0x05, 0x78, 0x88, 0x88, 0x74, 0x00, 0x00, 0x00, 0x16, 0x89, 0x99,
    0x99, 0x86, 0x10, 0x00, 0x1D, 0xFF, 0xFF, 0xFF, 0xFF, 0xFE, 0x20, 0x07, 0xFF, 0xFF, 0xFF, 0xFF,
    0xFF, 0xF9, 0x00, 0xAF, 0xFF, 0xFF, 0xFF, 0xFF, 0xFF, 0xB0, 0x0B, 0xFF, 0xFF, 0xFF, 0xFF, 0xFF,
    0xFC, 0x00, 0xCF, 0xFF, 0xC9, 0x99, 0xCF, 0xFF, 0xC0, 0x0C, 0xFF, 0xF3, 0x00, 0x02, 0xDD, 0xDA,
    0x00, 0xCF, 0xFF, 0x20, 0x00, 0x00, 0x00, 0x00, 0x0C, 0xFF, 0xFC, 0xBB, 0xBB, 0xB9, 0x30, 0x00,
    0xCF, 0xFF, 0xFF, 0xFF, 0xFF, 0xFE, 0x20, 0x0C, 0xFF, 0xFF, 0xFF, 0xFF, 0xFF, 0xF8, 0x00, 0xCF,
    0xFF, 0xFF, 0xFF, 0xFF, 0xFF, 0xA0, 0x0C, 0xFF, 0xFF, 0xFF, 0xFF, 0xFF, 0xFB, 0x00, 0xCF, 0xFF,
    0x44, 0x44, 0x7F, 0xFF, 0xB0, 0x0C, 0xFF, 0xF0, 0x00, 0x02, 0xFF, 0xFB, 0x00, 0xCF, 0xFF, 0x33,
    0x33, 0x7F, 0xFF, 0xB0, 0x0C, 0xFF, 0xFF, 0xFF, 0xFF, 0xFF, 0xFB, 0x00, 0xCF, 0xFF, 0xFF, 0xFF,
    0xFF, 0xFF, 0xA0, 0x0C, 0xFF, 0xFF, 0xFF, 0xFF, 0xFF, 0xF8, 0x00, 0xCF, 0xFF, 0xFF, 0xFF, 0xFF,
    0xFF, 0x20, 0x0C, 0xFF, 0xFF, 0xFF, 0xFF, 0xEC, 0x40, 0x00, 0x13, 0x33, 0x33, 0x33, 0x33, 0x33,
    0x6F, 0xFF, 0xFF, 0xFF, 0xFF, 0xFD, 0x6F, 0xFF, 0xFF, 0xFF, 0xFF, 0xFD, 0x6F, 0xFF, 0xFF, 0xFF,
    0xFF, 0xFC, 0x6F, 0xFF, 0xFF, 0xFF, 0xFF, 0xF8, 0x6F, 0xFF, 0xFF, 0xFF, 0xFF, 0xF2, 0x00, 0x00,
    0x00, 0xBF, 0xFF, 0xB0, 0x00, 0x00, 0x02, 0xFF, 0xFF, 0x60, 0x00, 0x00, 0x08, 0xFF, 0xFE, 0x10,
    0x00, 0x00, 0x0D, 0xFF, 0xF9, 0x00, 0x00, 0x00, 0x4F, 0xFF, 0xF4, 0x00, 0x00, 0x00, 0xAF, 0xFF,
    0xD0, 0x00, 0x00, 0x01, 0xEF, 0xFF, 0x70, 0x00, 0x00, 0x06, 0xFF, 0xFF, 0x20, 0x00, 0x00, 0x0C,
    0xFF, 0xFB, 0x00, 0x00, 0x00, 0x2F, 0xFF, 0xF5, 0x00, 0x00, 0x00, 0x8F, 0xFF, 0xE1, 0x00, 0x00,
    0x00, 0xDF, 0xFF, 0x90, 0x00, 0x00, 0x04, 0xFF, 0xFF, 0x30, 0x00, 0x00, 0x0A, 0xFF, 0xFD, 0x00,
    0x00, 0x00, 0x1F, 0xFF, 0xF7, 0x00, 0x00, 0x00, 0x00, 0x17, 0x89, 0x99, 0x99, 0x86, 0x10, 0x00,
    0x1E, 0xFF, 0xFF, 0xFF, 0xFF, 0xFD, 0x00, 0x07, 0xFF, 0xFF, 0xFF, 0xFF, 0xFF, 0xF5, 0x00, 0x9F,
    0xFF, 0xFF, 0xFF, 0xFF, 0xFF, 0x70, 0x0A, 0xFF, 0xFF, 0xFF, 0xFF, 0xFF, 0xF8, 0x00, 0xBF, 0xFF,
    0xC9, 0x89, 0xDF, 0xFF, 0x90, 0x0B, 0xFF, 0xF2, 0x00, 0x05, 0xFF, 0xF9, 0x00, 0xBF, 0xFF, 0x20,
    0x00, 0x4F, 0xFF, 0x90, 0x0B, 0xFF, 0xFA, 0x77, 0x7B, 0xFF, 0xF8, 0x00, 0x9F, 0xFF, 0xFF, 0xFF,
    0xFF, 0xFF, 0x60, 0x02, 0xFF, 0xFF, 0xFF, 0xFF, 0xFF, 0xE1, 0x00, 0x8F, 0xFF, 0xFF, 0xFF, 0xFF,
    0xFF, 0x60, 0x0C, 0xFF, 0xFD, 0xCC, 0xCE, 0xFF, 0xFA, 0x00, 0xDF, 0xFF, 0x20, 0x00, 0x4F, 0xFF,
    0xB0, 0x0D, 0xFF, 0xF1, 0x00, 0x04, 0xFF, 0xFB, 0x00, 0xDF, 0xFF, 0x73, 0x33, 0x9F, 0xFF, 0xB0,
    0x0C, 0xFF, 0xFF, 0xFF, 0xFF, 0xFF, 0xFA, 0x00, 0xBF, 0xFF, 0xFF, 0xFF, 0xFF, 0xFF, 0x90, 0x09,
    0xFF, 0xFF, 0xFF, 0xFF, 0xFF, 0xF7, 0x00, 0x4F, 0xFF, 0xFF, 0xFF, 0xFF, 0xFE, 0x20, 0x00, 0x4B,
    0xEE, 0xFF, 0xFE, 0xDA, 0x30, 0x00, 0x00, 0x00, 0x12, 0x22, 0x22, 0x22, 0x21, 0x00, 0x07, 0xEF,
    0xFF, 0xFF, 0xFF, 0xFF, 0xA0, 0x05, 0xFF, 0xFF, 0xFF, 0xFF, 0xFF, 0xFA, 0x00, 0xAF, 0xFF, 0xFF,
    0xFF, 0xFF, 0xFF, 0xA0, 0x0C, 0xFF, 0xFF, 0xFF, 0xFF, 0xFF, 0xFA, 0x00, 0xDF, 0xFF, 0xFF, 0xFF,
    0xFF, 0xFF, 0xA0, 0x0D, 0xFF, 0xF3, 0x11, 0x13, 0xFF, 0xFA, 0x00, 0xDF, 0xFF, 0x00, 0x00, 0x2F,
    0xFF, 0xA0, 0x0D, 0xFF, 0xF8, 0x66, 0x67, 0xFF, 0xFA, 0x00, 0xDF, 0xFF, 0xFF, 0xFF, 0xFF, 0xFF,
    0xA0, 0x0C, 0xFF, 0xFF, 0xFF, 0xFF, 0xFF, 0xFA, 0x00, 0x9F, 0xFF, 0xFF, 0xFF, 0xFF, 0xFF, 0xA0,
    0x03, 0xEF, 0xFF, 0xFF, 0xFF, 0xFF, 0xFA, 0x00, 0x02, 0x79, 0x99, 0x99, 0xBF, 0xFF, 0xA0, 0x00,
    0x00, 0x00, 0x00, 0x05, 0xFF, 0xFA, 0x00, 0xEF, 0xFF, 0x10, 0x00, 0x6F, 0xFF, 0xA0, 0x0E, 0xFF,
    0xFD, 0xBB, 0xCE, 0xFF, 0xFA, 0x00, 0xDF, 0xFF, 0xFF, 0xFF, 0xFF, 0xFF, 0x90, 0x0C, 0xFF, 0xFF,
    0xFF, 0xFF, 0xFF, 0xF7, 0x00, 0x8F, 0xFF, 0xFF, 0xFF, 0xFF, 0xFF, 0x40, 0x02, 0xDF, 0xFF, 0xFF,
    0xFF, 0xFF, 0xA0, 0x00, 0x01, 0x46, 0x77, 0x77, 0x76, 0x40, 0x00, 0x7F, 0xFF, 0xFF, 0xE7, 0xFF,
    0xFF, 0xFE, 0x7F, 0xFF, 0xFF, 0xE7, 0xFF, 0xFF, 0xFE, 0x24, 0x44, 0x44, 0x40, 0x00, 0x00, 0x00,
    0x00, 0x00, 0x00, 0x00, 0x00, 0x00, 0x00, 0x00, 0x00, 0x00, 0x00, 0x00, 0x00, 0x00, 0x00, 0x00,
    0x00, 0x00, 0x00, 0x00, 0x00,
};

static const char SMOOTH_SIDE_TINY_CHARS[] = "0123456789-";
static const SmoothGlyph SMOOTH_SIDE_TINY_GLYPHS[] PROGMEM = {
    {0, 12, 18, 0, -17, 12}, // 0
    {108, 5, 18, 0, -17, 5}, // 1
    {153, 12, 18, 0, -17, 12}, // 2
    {261, 12, 17, 0, -17, 12}, // 3
    {363, 11, 17, 0, -17, 10}, // 4
    {457, 12, 18, 0, -17, 12}, // 5
    {565, 12, 17, 0, -17, 12}, // 6
    {667, 10, 17, 0, -17, 10}, // 7
    {752, 12, 17, 0, -17, 12}, // 8
    {854, 12, 18, 0, -17, 12}, // 9
    {962, 6, 10, 0, -10, 6}, // -
};

static const uint8_t SMOOTH_SIDE_TINY_PIXELS[] PROGMEM = {
    0x0F, 0xFF, 0xFF, 0xFF, 0xFF, 0xF3, 0x0F, 0xFF, 0xFF, 0xFF, 0xFF, 0xF3, 0x0F, 0xFF, 0xFF, 0xFF,
    0xFF, 0xF3, 0x0F, 0xFF, 0xFF, 0xFF, 0xFF, 0xF3, 0x0F, 0xFF, 0xFF, 0xFF, 0xFF, 0xF3, 0x0F, 0xFF,
    0x20, 0x00, 0xEF, 0xF3, 0x0F, 0xFF, 0x20, 0x00, 0xEF, 0xF3, 0x0F, 0xFF, 0x20, 0x00, 0xEF, 0xF3,
    0x0F, 0xFF, 0x20, 0x00, 0xEF, 0xF3, 0x0F, 0xFF, 0x20, 0x00, 0xEF, 0xF3, 0x0F, 0xFF, 0x20, 0x00,
    0xEF, 0xF3, 0x0F, 0xFF, 0x20, 0x00, 0xEF, 0xF3, 0x0F, 0xFF, 0x20, 0x00, 0xEF, 0xF3, 0x0F, 0xFF,
    0xCB, 0xBB, 0xFF, 0xF3, 0x0F, 0xFF, 0xFF, 0xFF, 0xFF, 0xF3, 0x0F, 0xFF, 0xFF, 0xFF, 0xFF, 0xF3,
    0x0F, 0xFF, 0xFF, 0xFF, 0xFF, 0xF3, 0x07, 0x77, 0x77, 0x77, 0x77, 0x71, 0xAF, 0xFF, 0x5A, 0xFF,
    0xF5, 0xAF, 0xFF, 0x5A, 0xFF, 0xF5, 0xAF, 0xFF, 0x50, 0xDF, 0xF5, 0x0D, 0xFF, 0x50, 0xDF, 0xF5,
    0x0D, 0xFF, 0x50, 0xDF, 0xF5, 0x0D, 0xFF, 0x50, 0xDF, 0xF5, 0x0D, 0xFF, 0x50, 0xDF, 0xF5, 0x0D,
    0xFF, 0x50, 0xDF, 0xF5, 0x0D, 0xFF, 0x50, 0x45, 0x52, 0x3F, 0xFF, 0xFF, 0xFF, 0xFF, 0xD0, 0x3F,
    0xFF, 0xFF, 0xFF, 0xFF, 0xD0, 0x3F, 0xFF, 0xFF, 0xFF, 0xFF, 0xD0, 0x3F, 0xFF, 0xFF, 0xFF, 0xFF,
    0xD0, 0x3F, 0xFE, 0x00, 0x04, 0xFF, 0xD0, 0x3F, 0xFE, 0x00, 0x04, 0xFF, 0xD0, 0x00, 0x00, 0x00,
    0x05, 0xFF, 0xD0, 0x01, 0x9C, 0xCC, 0xCE, 0xFF, 0xD0, 0x0A, 0xFF, 0xFF, 0xFF, 0xFF, 0xB0, 0x0F,
    0xFF, 0xFF, 0xFF, 0xFF, 0x70, 0x2F, 0xFF, 0xFF, 0xFF, 0xE9, 0x00, 0x3F, 0xFF, 0x21, 0x11, 0x00,
    0x00, 0x3F, 0xFE, 0x00, 0x00, 0x00, 0x00, 0x3F, 0xFF, 0xFF, 0xFF, 0xFF, 0xD0, 0x3F, 0xFF, 0xFF,
    0xFF, 0xFF, 0xD0, 0x3F, 0xFF, 0xFF, 0xFF, 0xFF, 0xD0, 0x3F, 0xFF, 0xFF, 0xFF, 0xFF, 0xD0, 0x03,
    0x33, 0x33, 0x33, 0x33, 0x30, 0x2B, 0xBB, 0xBB, 0xBA, 0x95, 0x00, 0x3F, 0xFF, 0xFF, 0xFF, 0xFF,
    0x50, 0x3F, 0xFF, 0xFF, 0xFF, 0xFF, 0x90, 0x3F, 0xFF, 0xFF, 0xFF, 0xFF, 0xA0, 0x3F, 0xFE, 0x77,
    0x7C, 0xFF, 0xB0, 0x3F, 0xFE, 0x00, 0x05, 0xFF, 0xB0, 0x00, 0x00, 0x01, 0x49, 0xFF, 0xB0, 0x00,
    0x00, 0x04, 0xFF, 0xFF, 0x90, 0x00, 0x00, 0x04, 0xFF, 0xFF, 0x40, 0x00, 0x00, 0x04, 0xFF, 0xFF,
    0xA0, 0x00, 0x00, 0x01, 0x49, 0xFF, 0xC0, 0x3F, 0xFE, 0x00, 0x05, 0xFF, 0xC0, 0x3F, 0xFE, 0x66,
    0x6B, 0xFF, 0xC0, 0x3F, 0xFF, 0xFF, 0xFF, 0xFF, 0xC0, 0x3F, 0xFF, 0xFF, 0xFF, 0xFF, 0xA0, 0x3F,
    0xFF, 0xFF, 0xFF, 0xFF, 0x40, 0x3B, 0xBB, 0xBB, 0xBB, 0xA5, 0x00, 0x00, 0x00, 0x8F, 0xFF, 0xA0,
    0x00, 0x00, 0x0E, 0xFF, 0xFA, 0x00, 0x00, 0x05, 0xFF, 0xFF, 0xA0, 0x00, 0x00, 0xBF, 0xFF, 0xFA,
    0x00, 0x00, 0x2F, 0xFF, 0xFF, 0xA0, 0x00, 0x07, 0xFF, 0xEF, 0xFA, 0x00, 0x00, 0xDF, 0xF8, 0xFF,
    0xA0, 0x00, 0x4F, 0xFB, 0x7F, 0xFA, 0x00, 0x0A, 0xFF, 0x57, 0xFF, 0xA0, 0x01, 0xFF, 0xE0, 0x7F,
    0xFA, 0x00, 0x7F, 0xF8, 0x07, 0xFF, 0xA0, 0x08, 0xFF, 0xFF, 0xFF, 0xFF, 0xF0, 0x8F, 0xFF, 0xFF,
    0xFF, 0xFF, 0x08, 0xFF, 0xFF, 0xFF, 0xFF, 0xF0, 0x00, 0x00, 0x07, 0xFF, 0xA0, 0x00, 0x00, 0x00,
    0x7F, 0xFA, 0x00, 0x00, 0x00, 0x07, 0xFF, 0xA0, 0x00, 0x2F, 0xFF, 0xFF, 0xFF, 0xFF, 0xE0, 0x2F,
    0xFF, 0xFF, 0xFF, 0xFF, 0xE0, 0x2F, 0xFF, 0xFF, 0xFF, 0xFF, 0xE0, 0x2F, 0xFF, 0xFF, 0xFF, 0xFF,
    0xE0, 0x2F, 0xFF, 0xFF, 0xFF, 0xFF, 0xE0, 0x2F, 0xFF, 0x00, 0x00, 0x00, 0x00, 0x2F, 0xFF, 0x00,
    0x00, 0x00, 0x00, 0x2F, 0xFF, 0xEE, 0xEE, 0xEE, 0xD0, 0x2F, 0xFF, 0xFF, 0xFF, 0xFF, 0xE0, 0x2F,
    0xFF, 0xFF, 0xFF, 0xFF, 0xE0, 0x2F, 0xFF, 0xFF, 0xFF, 0xFF, 0xE0, 0x00, 0x00, 0x00, 0x03, 0xFF,
    0xE0, 0x2F, 0xFF, 0x20, 0x04, 0xFF, 0xE0, 0x2F, 0xFF, 0xFD, 0xDF, 0xFF, 0xE0, 0x0F, 0xFF, 0xFF,
    0xFF, 0xFF, 0xD0, 0x0C, 0xFF, 0xFF, 0xFF, 0xFF, 0xA0, 0x04, 0xEF, 0xFF, 0xFF, 0xFD, 0x30, 0x00,
    0x02, 0x33, 0x33, 0x20, 0x00, 0x00, 0x47, 0x77, 0x77, 0x63, 0x00, 0x06, 0xFF, 0xFF, 0xFF, 0xFF,
    0x70, 0x0D, 0xFF, 0xFF, 0xFF, 0xFF, 0xE0, 0x0F, 0xFF, 0xFF, 0xFF, 0xFF, 0xF0, 0x0F, 0xFF, 0xCA,
    0xAC, 0xFF, 0xF1, 0x0F, 0xFF, 0x20, 0x01, 0xAA, 0xA1, 0x0F, 0xFF, 0x43, 0x33, 0x20, 0x00, 0x0F,
    0xFF, 0xFF, 0xFF, 0xFE, 0x40, 0x0F, 0xFF, 0xFF, 0xFF, 0xFF, 0xC0, 0x0F, 0xFF, 0xFF, 0xFF, 0xFF,
    0xE0, 0x0F, 0xFF, 0xCC, 0xCD, 0xFF, 0xF0, 0x0F, 0xFF, 0x00, 0x02, 0xFF, 0xF0, 0x0F, 0xFF, 0x33,
    0x36, 0xFF, 0xF0, 0x0F, 0xFF, 0xFF, 0xFF, 0xFF, 0xF0, 0x0F, 0xFF, 0xFF, 0xFF, 0xFF, 0xD0, 0x0F,
    0xFF, 0xFF, 0xFF, 0xFF, 0x90, 0x0F, 0xFF, 0xFF, 0xFF, 0xEA, 0x20, 0x13, 0x33, 0x33, 0x33, 0x31,
    0x7F, 0xFF, 0xFF, 0xFF, 0xF7, 0x7F, 0xFF, 0xFF, 0xFF, 0xF7, 0x7F, 0xFF, 0xFF, 0xFF, 0xF5, 0x7F,
    0xFF, 0xFF, 0xFF, 0xE0, 0x00, 0x00, 0x1F, 0xFF, 0x80, 0x00, 0x00, 0x6F, 0xFF, 0x30, 0x00, 0x00,
    0xCF, 0xFC, 0x00, 0x00, 0x03, 0xFF, 0xF6, 0x00, 0x00, 0x08, 0xFF, 0xF1, 0x00, 0x00, 0x0E, 0xFF,
    0xA0, 0x00, 0x00, 0x5F, 0xFF, 0x50, 0x00, 0x00, 0xAF, 0xFE, 0x00, 0x00, 0x01, 0xFF, 0xF8, 0x00,
    0x00, 0x07, 0xFF, 0xF3, 0x00, 0x00, 0x0C, 0xFF, 0xC0, 0x00, 0x00, 0x3F, 0xFF, 0x60, 0x00, 0x00,
    0x00, 0x47, 0x77, 0x77, 0x63, 0x00, 0x07, 0xFF, 0xFF, 0xFF, 0xFF, 0x50, 0x0D, 0xFF, 0xFF, 0xFF,
    0xFF, 0xB0, 0x0E, 0xFF, 0xFF, 0xFF, 0xFF, 0xC0, 0x0F, 0xFF, 0xCA, 0xAD, 0xFF, 0xD0, 0x0F, 0xFF,
    0x20, 0x04, 0xFF, 0xD0, 0x0F, 0xFF, 0x30, 0x05, 0xFF, 0xD0, 0x0E, 0xFF, 0xFF, 0xFF, 0xFF, 0xC0,
    0x08, 0xFF, 0xFF, 0xFF, 0xFF, 0x60, 0x0D, 0xFF, 0xFF, 0xFF, 0xFF, 0xB0, 0x1F, 0xFF, 0x87, 0x79,
    0xFF, 0xE0, 0x1F, 0xFF, 0x10, 0x03, 0xFF, 0xF0, 0x1F, 0xFF, 0x52, 0x27, 0xFF, 0xF0, 0x1F, 0xFF,
    0xFF, 0xFF, 0xFF, 0xE0, 0x0F, 0xFF, 0xFF, 0xFF, 0xFF, 0xD0, 0x0A, 0xFF, 0xFF, 0xFF, 0xFF, 0x80,
    0x02, 0xAE, 0xFF, 0xFE, 0xE9, 0x10, 0x00, 0x14, 0x55, 0x55, 0x55, 0x40, 0x05, 0xFF, 0xFF, 0xFF,
    0xFF, 0xE0, 0x0D, 0xFF, 0xFF, 0xFF, 0xFF, 0xE0, 0x0F, 0xFF, 0xFF, 0xFF, 0xFF, 0xE0, 0x2F, 0xFF,
    0xED, 0xDD, 0xFF, 0xE0, 0x2F, 0xFF, 0x10, 0x01, 0xFF, 0xE0, 0x2F, 0xFF, 0x32, 0x23, 0xFF, 0xE0,
    0x2F, 0xFF, 0xFF, 0xFF, 0xFF, 0xE0, 0x0F, 0xFF, 0xFF, 0xFF, 0xFF, 0xE0, 0x0C, 0xFF, 0xFF, 0xFF,
    0xFF, 0xE0, 0x02, 0xBD, 0xDD, 0xDE, 0xFF, 0xE0, 0x00, 0x00, 0x00, 0x04, 0xFF, 0xE0, 0x2F, 0xFF,
    0x20, 0x05, 0xFF, 0xE0, 0x2F, 0xFF, 0xFF, 0xFF, 0xFF, 0xD0, 0x1F, 0xFF, 0xFF, 0xFF, 0xFF, 0xC0,
    0x0D, 0xFF, 0xFF, 0xFF, 0xFF, 0x90, 0x05, 0xEF, 0xFF, 0xFF, 0xFD, 0x20, 0x00, 0x02, 0x33, 0x33,
    0x20, 0x00, 0x9F, 0xFF, 0xF8, 0x9F, 0xFF, 0xF8, 0x9F, 0xFF, 0xF8, 0x46, 0x66, 0x63, 0x00, 0x00,
    0x00, 0x00, 0x00, 0x00, 0x00, 0x00, 0x00, 0x00, 0x00, 0x00, 0x00, 0x00, 0x00, 0x00, 0x00, 0x00,
};

static const char SMOOTH_UNIT_CHARS[] = "0123456789-%ABCDEFGHIJKLMNOPQRSTUVWXYZaghmp";
static const SmoothGlyph SMOOTH_UNIT_GLYPHS[] PROGMEM = {
    {0, 9, 13, 0, -12, 9}, // 0
    {59, 4, 13, 0, -12, 4}, // 1
    {85, 9, 13, 0, -12, 9}, // 2
    {144, 9, 14, 0, -13, 9}, // 3
    {207, 8, 12, 0, -12, 8}, // 4
    {255, 9, 12, 0, -12, 9}, // 5
    {309, 9, 13, 0, -13, 9}, // 6
    {368, 8, 13, 0, -13, 7}, // 7
    {420, 9, 13, 0, -13, 9}, // 8
    {479, 9, 13, 0, -13, 9}, // 9
    {538, 5, 7, 0, -7, 4}, // -
    {556, 14, 12, 0, -12, 14}, // %
    {640, 9, 14, 0, -14, 8}, // A
    {703, 9, 13, 0, -13, 9}, // B
    {762, 8, 13, 0, -13, 8}, // C
    {814, 9, 13, 0, -13, 9}, // D
    {873, 9, 13, 0, -12, 9}, // E
    {932, 9, 13, 0, -13, 8}, // F
    {991, 9, 13, 0, -12, 9}, // G
    {1050, 9, 12, 0, -12, 9}, // H
    {1104, 4, 13, 0, -12, 4}, // I
    {1130, 7, 13, 0, -13, 7}, // J
    {1176, 9, 12, 0, -12, 9}, // K
    {1230, 7, 13, 0, -12, 7}, // L
    {1276, 14, 13, 0, -13, 14}, // M
    {1367, 9, 12, 0, -12, 9}, // N
    {1421, 9, 13, 0, -12, 9}, // O
    {1480, 9, 12, 0, -12, 9}, // P
    {1534, 10, 13, 0, -12, 9}, // Q
    {1599, 9, 12, 0, -12, 9}, // R
    {1653, 9, 13, 0, -12, 9}, // S
    {1712, 8, 12, 0, -12, 7}, // T
    {1760, 9, 13, 0, -12, 9}, // U
    {1819, 9, 14, 0, -12, 8}, // V
    {1882, 14, 13, 0, -12, 14}, // W
    {1973, 8, 12, 0, -12, 8}, // X
    {2021, 8, 12, 0, -12, 8}, // Y
    {2069, 8, 13, 0, -12, 7}, // Z
    {2121, 9, 10, 0, -10, 9}, // a
    {2166, 9, 15, 0, -10, 9}, // g
    {2234, 9, 12, 0, -12, 9}, // h
    {2288, 13, 10, 0, -10, 13}, // m
    {2353, 9, 13, 0, -10, 9}, // p
};

static const uint8_t SMOOTH_UNIT_PIXELS[] PROGMEM = {
    0x4F, 0xFF, 0xFF, 0xFF, 0x64, 0xFF, 0xFF, 0xFF, 0xF6, 0x4F, 0xFF, 0xFF, 0xFF, 0x64, 0xFF, 0x20,
    0x0E, 0xF6, 0x4F, 0xF2, 0x00, 0xEF, 0x64, 0xFF, 0x20, 0x0E, 0xF6, 0x4F, 0xF2, 0x00, 0xEF, 0x64,
    0xFF, 0x20, 0x0E, 0xF6, 0x4F, 0xF2, 0x00, 0xEF, 0x64, 0xFF, 0xDC, 0xCF, 0xF6, 0x4F, 0xFF, 0xFF,
    0xFF, 0x64, 0xFF, 0xFF, 0xFF, 0xF6, 0x15, 0x55, 0x55, 0x55, 0x20, 0xBF, 0xF3, 0xBF, 0xF3, 0xBF,
    0xF3, 0x2F, 0xF3, 0x2F, 0xF3, 0x2F, 0xF3, 0x2F, 0xF3, 0x2F, 0xF3, 0x2F, 0xF3, 0x2F, 0xF3, 0x2F,
    0xF3, 0x2F, 0xF3, 0x14, 0x41, 0x6F, 0xFF, 0xFF, 0xFF, 0x26, 0xFF, 0xFF, 0xFF, 0xF2, 0x6F, 0xFF,
    0xFF, 0xFF, 0x26, 0xFF, 0x00, 0x3F, 0xF2, 0x00, 0x22, 0x26, 0xFF, 0x20, 0xBF, 0xFF, 0xFF, 0xF2,
    0x4F, 0xFF, 0xFF, 0xFD, 0x05, 0xFF, 0xA9, 0x98, 0x10, 0x6F, 0xF0, 0x00, 0x00, 0x06, 0xFF, 0xFF,
    0xFF, 0xF2, 0x6F, 0xFF, 0xFF, 0xFF, 0x26, 0xFF, 0xFF, 0xFF, 0xF2, 0x12, 0x22, 0x22, 0x22, 0x00,
    0x24, 0x44, 0x44, 0x30, 0x07, 0xFF, 0xFF, 0xFF, 0xA0, 0x7F, 0xFF, 0xFF, 0xFF, 0x07, 0xFF, 0xDD,
    0xEF, 0xF1, 0x7F, 0xE0, 0x05, 0xFF, 0x10, 0x00, 0x04, 0xAF, 0xF0, 0x00, 0x00, 0xBF, 0xFC, 0x00,
    0x00, 0x0B, 0xFF, 0xD0, 0x00, 0x00, 0x59, 0xFF, 0x17, 0xFE, 0x00, 0x4F, 0xF2, 0x7F, 0xFC, 0xCE,
    0xFF, 0x17, 0xFF, 0xFF, 0xFF, 0xF0, 0x7F, 0xFF, 0xFF, 0xF9, 0x02, 0x55, 0x55, 0x53, 0x00, 0x00,
    0x0B, 0xFF, 0x80, 0x00, 0x2F, 0xFF, 0x80, 0x00, 0x8F, 0xFF, 0x80, 0x00, 0xEF, 0xFF, 0x80, 0x05,
    0xFE, 0xDF, 0x80, 0x0B, 0xF8, 0xCF, 0x80, 0x2F, 0xF2, 0xCF, 0x80, 0x8F, 0xB0, 0xCF, 0x80, 0xAF,
    0xFF, 0xFF, 0xF8, 0xAF, 0xFF, 0xFF, 0xF8, 0x00, 0x00, 0xCF, 0x80, 0x00, 0x00, 0xCF, 0x80, 0x5F,
    0xFF, 0xFF, 0xFF, 0x35, 0xFF, 0xFF, 0xFF, 0xF3, 0x5F, 0xFF, 0xFF, 0xFF, 0x35, 0xFF, 0x00, 0x00,
    0x00, 0x5F, 0xF9, 0x99, 0x99, 0x25, 0xFF, 0xFF, 0xFF, 0xF3, 0x5F, 0xFF, 0xFF, 0xFF, 0x30, 0x00,
    0x00, 0x2F, 0xF3, 0x5F, 0xF4, 0x25, 0xFF, 0x34, 0xFF, 0xFF, 0xFF, 0xF2, 0x2F, 0xFF, 0xFF, 0xFF,
    0x10, 0x7D, 0xEE, 0xED, 0x60, 0x01, 0x56, 0x66, 0x41, 0x00, 0xDF, 0xFF, 0xFF, 0xD1, 0x3F, 0xFF,
    0xFF, 0xFF, 0x44, 0xFF, 0xDB, 0xDF, 0xF4, 0x4F, 0xF2, 0x01, 0x88, 0x24, 0xFF, 0xAA, 0xA9, 0x40,
    0x4F, 0xFF, 0xFF, 0xFE, 0x14, 0xFF, 0xFF, 0xFF, 0xF3, 0x4F, 0xF5, 0x57, 0xFF, 0x44, 0xFF, 0x22,
    0x4F, 0xF4, 0x4F, 0xFF, 0xFF, 0xFF, 0x34, 0xFF, 0xFF, 0xFF, 0xF1, 0x4F, 0xFF, 0xFF, 0xE7, 0x00,
    0x12, 0x22, 0x22, 0x20, 0x9F, 0xFF, 0xFF, 0xF2, 0x9F, 0xFF, 0xFF, 0xF1, 0x9F, 0xFF, 0xFF, 0xB0,
    0x00, 0x05, 0xFF, 0x60, 0x00, 0x0B, 0xFE, 0x10, 0x00, 0x1F, 0xF9, 0x00, 0x00, 0x7F, 0xF4, 0x00,
    0x00, 0xDF, 0xD0, 0x00, 0x03, 0xFF, 0x70, 0x00, 0x09, 0xFF, 0x20, 0x00, 0x1E, 0xFB, 0x00, 0x00,
    0x5F, 0xF5, 0x00, 0x00, 0x01, 0x56, 0x66, 0x51, 0x00, 0xDF, 0xFF, 0xFF, 0xC0, 0x3F, 0xFF, 0xFF,
    0xFF, 0x13, 0xFF, 0xCB, 0xDF, 0xF2, 0x3F, 0xF1, 0x03, 0xFF, 0x23, 0xFF, 0x97, 0x9F, 0xF2, 0x1E,
    0xFF, 0xFF, 0xFD, 0x03, 0xFF, 0xFF, 0xFF, 0xF1, 0x5F, 0xF2, 0x14, 0xFF, 0x35, 0xFF, 0x42, 0x5F,
    0xF3, 0x4F, 0xFF, 0xFF, 0xFF, 0x22, 0xFF, 0xFF, 0xFF, 0xF1, 0x08, 0xEF, 0xFF, 0xD6, 0x00, 0x02,
    0x67, 0x77, 0x77, 0x11, 0xEF, 0xFF, 0xFF, 0xF3, 0x4F, 0xFF, 0xFF, 0xFF, 0x35, 0xFF, 0xBA, 0xAF,
    0xF3, 0x5F, 0xF0, 0x01, 0xFF, 0x35, 0xFF, 0xDD, 0xDF, 0xF3, 0x4F, 0xFF, 0xFF, 0xFF, 0x30, 0xCF,
    0xFF, 0xFF, 0xF3, 0x00, 0x22, 0x25, 0xFF, 0x35, 0xFF, 0x54, 0x7F, 0xF3, 0x5F, 0xFF, 0xFF, 0xFF,
    0x23, 0xFF, 0xFF, 0xFF, 0xE1, 0x08, 0xCD, 0xDD, 0xC6, 0x00, 0xBF, 0xFF, 0x2B, 0xFF, 0xF2, 0x68,
    0x88, 0x10, 0x00, 0x00, 0x00, 0x00, 0x00, 0x00, 0x00, 0x00, 0x00, 0x00, 0x4F, 0xFF, 0xE0, 0x00,
    0x01, 0xDE, 0x20, 0x4F, 0x05, 0xE0, 0x00, 0x0A, 0xF5, 0x00, 0x4F, 0x05, 0xE0, 0x00, 0x6F, 0xA0,
    0x00, 0x4F, 0x05, 0xE0, 0x02, 0xED, 0x10, 0x00, 0x4F, 0x8B, 0xE0, 0x0C, 0xF3, 0x00, 0x00, 0x4F,
    0xFF, 0xE0, 0x8F, 0x7B, 0xFF, 0xF7, 0x27, 0x77, 0x64, 0xFB, 0x0B, 0xFF, 0xF7, 0x00, 0x00, 0x1D,
    0xE2, 0x0B, 0x90, 0xC7, 0x00, 0x00, 0xAF, 0x50, 0x0B, 0x90, 0xC7, 0x00, 0x06, 0xF9, 0x00, 0x0B,
    0x90, 0xC7, 0x00, 0x2E, 0xD1, 0x00, 0x0B, 0xDA, 0xE7, 0x00, 0xCF, 0x30, 0x00, 0x0B, 0xFF, 0xF7,
    0x00, 0x00, 0x00, 0x00, 0x00, 0x00, 0x15, 0x00, 0x00, 0x00, 0x06, 0xA0, 0x00, 0x00, 0x00, 0xAE,
    0x00, 0x00, 0x00, 0x0E, 0xF4, 0x00, 0x00, 0x05, 0xFF, 0x80, 0x00, 0x00, 0x9F, 0xFD, 0x00, 0x00,
    0x0E, 0xFF, 0xF2, 0x00, 0x03, 0xFF, 0xBF, 0x70, 0x00, 0x8F, 0xB6, 0xFC, 0x00, 0x0D, 0xF6, 0x2F,
    0xF1, 0x02, 0xFF, 0xFF, 0xFF, 0x60, 0x7F, 0xFF, 0xFF, 0xFA, 0x0B, 0xEE, 0xEE, 0xEE, 0xD0, 0x26,
    0x66, 0x66, 0x51, 0x05, 0xFF, 0xFF, 0xFF, 0xD0, 0x5F, 0xFF, 0xFF, 0xFF, 0x25, 0xFF, 0xBB, 0xDF,
    0xF3, 0x5F, 0xF1, 0x02, 0xFF, 0x35, 0xFF, 0x88, 0xAF, 0xF2, 0x5F, 0xFF, 0xFF, 0xFD, 0x05, 0xFF,
    0xFF, 0xFF, 0xF2, 0x5F, 0xF2, 0x24, 0xFF, 0x35, 0xFF, 0x22, 0x5F, 0xF3, 0x5F, 0xFF, 0xFF, 0xFF,
    0x35, 0xFF, 0xFF, 0xFF, 0xF1, 0x5F, 0xFF, 0xFF, 0xE7, 0x00, 0x01, 0x56, 0x66, 0x65, 0x0D, 0xFF,
    0xFF, 0xFE, 0x3F, 0xFF, 0xFF, 0xFE, 0x4F, 0xFD, 0xBB, 0xBB, 0x4F, 0xF2, 0x00, 0x00, 0x4F, 0xF1,
    0x00, 0x00, 0x4F, 0xF1, 0x00, 0x00, 0x4F, 0xF1, 0x00, 0x00, 0x4F, 0xF1, 0x00, 0x00, 0x4F, 0xF5,
    0x22, 0x22, 0x4F, 0xFF, 0xFF, 0xFE, 0x2F, 0xFF, 0xFF, 0xFE, 0x08, 0xEF, 0xFF, 0xFE, 0x16, 0x66,
    0x66, 0x40, 0x04, 0xFF, 0xFF, 0xFF, 0xB0, 0x4F, 0xFF, 0xFF, 0xFF, 0x14, 0xFF, 0xCC, 0xEF, 0xF2,
    0x4F, 0xF1, 0x04, 0xFF, 0x24, 0xFF, 0x10, 0x3F, 0xF2, 0x4F, 0xF1, 0x03, 0xFF, 0x24, 0xFF, 0x10,
    0x3F, 0xF2, 0x4F, 0xF1, 0x03, 0xFF, 0x24, 0xFF, 0x32, 0x7F, 0xF2, 0x4F, 0xFF, 0xFF, 0xFF, 0x24,
    0xFF, 0xFF, 0xFF, 0xF0, 0x4F, 0xFF, 0xFF, 0xE7, 0x00, 0x4F, 0xFF, 0xFF, 0xFF, 0x24, 0xFF, 0xFF,
    0xFF, 0xF2, 0x4F, 0xFF, 0xFF, 0xFF, 0x24, 0xFF, 0x10, 0x00, 0x00, 0x4F, 0xFF, 0xFF, 0x20, 0x04,
    0xFF, 0xFF, 0xF2, 0x00, 0x4F, 0xFF, 0xFF, 0x20, 0x04, 0xFF, 0x10, 0x00, 0x00, 0x4F, 0xF1, 0x00,
    0x00, 0x04, 0xFF, 0xFF, 0xFF, 0xF2, 0x4F, 0xFF, 0xFF, 0xFF, 0x24, 0xFF, 0xFF, 0xFF, 0xF2, 0x12,
    0x22, 0x22, 0x22, 0x00, 0x29, 0x99, 0x99, 0x99, 0x14, 0xFF, 0xFF, 0xFF, 0xF2, 0x4F, 0xFF, 0xFF,
    0xFF, 0x24, 0xFF, 0x98, 0x88, 0x81, 0x4F, 0xF1, 0x00, 0x00, 0x04, 0xFF, 0xFF, 0xF0, 0x00, 0x4F,
    0xFF, 0xFF, 0x00, 0x04, 0xFF, 0xFF, 0xF0, 0x00, 0x4F, 0xF1, 0x00, 0x00, 0x04, 0xFF, 0x10, 0x00,
    0x00, 0x4F, 0xF1, 0x00, 0x00, 0x04, 0xFF, 0x10, 0x00, 0x00, 0x4F, 0xF1, 0x00, 0x00, 0x00, 0x4F,
    0xFF, 0xFF, 0xFF, 0x24, 0xFF, 0xFF, 0xFF, 0xF2, 0x4F, 0xFF, 0xFF, 0xFF, 0x24, 0xFF, 0x10, 0x00,
    0x00, 0x4F, 0xF3, 0xFF, 0xFF, 0x24, 0xFF, 0x3F, 0xFF, 0xF2, 0x4F, 0xF3, 0xFF, 0xFF, 0x24, 0xFF,
    0x10, 0x3F, 0xF2, 0x4F, 0xF1, 0x03, 0xFF, 0x24, 0xFF, 0xFF, 0xFF, 0xF2, 0x4F, 0xFF, 0xFF, 0xFF,
    0x24, 0xFF, 0xFF, 0xFF, 0xF2, 0x12, 0x22, 0x22, 0x22, 0x00, 0x4F, 0xF1, 0x04, 0xFF, 0x24, 0xFF,
    0x10, 0x4F, 0xF2, 0x4F, 0xF1, 0x04, 0xFF, 0x24, 0xFF, 0x10, 0x4F, 0xF2, 0x4F, 0xFF, 0xFF, 0xFF,
    0x24, 0xFF, 0xFF, 0xFF, 0xF2, 0x4F, 0xFF, 0xFF, 0xFF, 0x24, 0xFF, 0x10, 0x4F, 0xF2, 0x4F, 0xF1,
    0x04, 0xFF, 0x24, 0xFF, 0x10, 0x4F, 0xF2, 0x4F, 0xF1, 0x04, 0xFF, 0x24, 0xFF, 0x10, 0x4F, 0xF2,
    0x4F, 0xF1, 0x4F, 0xF1, 0x4F, 0xF1, 0x4F, 0xF1, 0x4F, 0xF1, 0x4F, 0xF1, 0x4F, 0xF1, 0x4F, 0xF1,
    0x4F, 0xF1, 0x4F, 0xF1, 0x4F, 0xF1, 0x4F, 0xF1, 0x26, 0x61, 0x00, 0x00, 0x36, 0x40, 0x00, 0x09,
    0xFB, 0x00, 0x00, 0x9F, 0xB0, 0x00, 0x09, 0xFB, 0x00, 0x00, 0x9F, 0xB0, 0x00, 0x09, 0xFB, 0x00,
    0x00, 0x9F, 0xB0, 0x00, 0x09, 0xFB, 0x00, 0x00, 0xAF, 0xB2, 0x22, 0x4E, 0xFA, 0xCF, 0xFF, 0xFF,
    0x9C, 0xFF, 0xFF, 0xF4, 0xCF, 0xFE, 0xC5, 0x00, 0x4F, 0xF2, 0x03, 0xFF, 0x64, 0xFF, 0x20, 0xBF,
    0xC0, 0x4F, 0xF2, 0x4F, 0xF4, 0x04, 0xFF, 0x2B, 0xFB, 0x00, 0x4F, 0xF6, 0xFF, 0x30, 0x04, 0xFF,
    0xDF, 0xE7, 0x20, 0x4F, 0xFF, 0xFF, 0xFD, 0x04, 0xFF, 0x98, 0xBF, 0xF3, 0x4F, 0xF2, 0x02, 0xFF,
    0x44, 0xFF, 0x20, 0x2F, 0xF4, 0x4F, 0xF2, 0x02, 0xFF, 0x44, 0xFF, 0x20, 0x2F, 0xF4, 0x4F, 0xF1,
    0x00, 0x04, 0xFF, 0x10, 0x00, 0x4F, 0xF1, 0x00, 0x04, 0xFF, 0x10, 0x00, 0x4F, 0xF1, 0x00, 0x04,
    0xFF, 0x10, 0x00, 0x4F, 0xF1, 0x00, 0x04, 0xFF, 0x10, 0x00, 0x4F, 0xF1, 0x00, 0x04, 0xFF, 0xFF,
    0xF4, 0x4F, 0xFF, 0xFF, 0x44, 0xFF, 0xFF, 0xF4, 0x12, 0x22, 0x22, 0x10, 0x00, 0x01, 0x40, 0x00,
    0x00, 0x40, 0x00, 0x00, 0x05, 0x90, 0x00, 0x05, 0x90, 0x00, 0x00, 0x0A, 0xE0, 0x00, 0x0A, 0xE0,
    0x00, 0x00, 0x0E, 0xF4, 0x00, 0x1F, 0xF3, 0x00, 0x00, 0x4F, 0xF9, 0x00, 0x6F, 0xF7, 0x00, 0x00,
    0x9F, 0xFD, 0x00, 0xBF, 0xFC, 0x00, 0x00, 0xEF, 0xFF, 0x31, 0xFF, 0xFF, 0x10, 0x03, 0xFF, 0xEF,
    0x86, 0xFF, 0xEF, 0x50, 0x08, 0xFD, 0x8F, 0xDC, 0xFB, 0xAF, 0x90, 0x0D, 0xF8, 0x4F, 0xFF, 0xF5,
    0x6F, 0xE0, 0x2F, 0xF3, 0x0E, 0xFF, 0xE0, 0x2F, 0xF3, 0x7F, 0xE0, 0x09, 0xFF, 0x90, 0x0D, 0xF7,
    0xCF, 0x90, 0x04, 0xFF, 0x40, 0x09, 0xFC, 0x4F, 0xFF, 0xFF, 0xFF, 0x64, 0xFF, 0xFF, 0xFF, 0xF6,
    0x4F, 0xFF, 0xFF, 0xFF, 0x64, 0xFF, 0x10, 0x0E, 0xF6, 0x4F, 0xF1, 0x00, 0xEF, 0x64, 0xFF, 0x10,
    0x0E, 0xF6, 0x4F, 0xF1, 0x00, 0xEF, 0x64, 0xFF, 0x10, 0x0E, 0xF6, 0x4F, 0xF1, 0x00, 0xEF, 0x64,
    0xFF, 0x10, 0x0E, 0xF6, 0x4F, 0xF1, 0x00, 0xEF, 0x64, 0xFF, 0x10, 0x0E, 0xF6, 0x4F, 0xFF, 0xFF,
    0xFF, 0x64, 0xFF, 0xFF, 0xFF, 0xF6, 0x4F, 0xFF, 0xFF, 0xFF, 0x64, 0xFF, 0x10, 0x0E, 0xF6, 0x4F,
    0xF1, 0x00, 0xEF, 0x64, 0xFF, 0x10, 0x0E, 0xF6, 0x4F, 0xF1, 0x00, 0xEF, 0x64, 0xFF, 0x10, 0x0E,
    0xF6, 0x4F, 0xF1, 0x00, 0xEF, 0x64, 0xFF, 0xCC, 0xCF, 0xF6, 0x4F, 0xFF, 0xFF, 0xFF, 0x64, 0xFF,
    0xFF, 0xFF, 0xF6, 0x15, 0x55, 0x55, 0x55, 0x20, 0x4F, 0xFF, 0xFF, 0xFF, 0x34, 0xFF, 0xFF, 0xFF,
    0xF3, 0x4F, 0xFF, 0xFF, 0xFF, 0x34, 0xFF, 0x20, 0x1F, 0xF3, 0x4F, 0xF2, 0x01, 0xFF, 0x34, 0xFF,
    0xFF, 0xFF, 0xF3, 0x4F, 0xFF, 0xFF, 0xFF, 0x34, 0xFF, 0xFF, 0xFF, 0xF3, 0x4F, 0xF2, 0x11, 0x11,
    0x04, 0xFF, 0x20, 0x00, 0x00, 0x4F, 0xF2, 0x00, 0x00, 0x04, 0xFF, 0x20, 0x00, 0x00, 0x4F, 0xFF,
    0xFF, 0xFF, 0x20, 0x4F, 0xFF, 0xFF, 0xFF, 0x20, 0x4F, 0xFF, 0xFF, 0xFF, 0x20, 0x4F, 0xF1, 0x04,
    0xFF, 0x20, 0x4F, 0xF1, 0x04, 0xFF, 0x20, 0x4F, 0xF1, 0x04, 0xFF, 0x20, 0x4F, 0xF1, 0x04, 0xFF,
    0x20, 0x4F, 0xF1, 0x04, 0xFF, 0x20, 0x4F, 0xF2, 0x04, 0xFF, 0x20, 0x4F, 0xFE, 0xEE, 0xFF, 0xE5,
    0x3F, 0xFF, 0xFF, 0xFF, 0xF5, 0x0C, 0xFF, 0xFF, 0xFF, 0xF5, 0x00, 0x34, 0x44, 0x44, 0x41, 0x5F,
    0xFF, 0xFF, 0xFF, 0x15, 0xFF, 0xFF, 0xFF, 0xF1, 0x5F, 0xFF, 0xFF, 0xFF, 0x15, 0xFF, 0x00, 0x4F,
    0xF1, 0x5F, 0xF0, 0x04, 0xFF, 0x05, 0xFF, 0xFF, 0xFF, 0xC0, 0x5F, 0xFF, 0xFF, 0xFE, 0x05, 0xFF,
    0xDD, 0xEF, 0xF2, 0x5F, 0xF0, 0x05, 0xFF, 0x25, 0xFF, 0x00, 0x4F, 0xF2, 0x5F, 0xF0, 0x04, 0xFF,
    0x25, 0xFF, 0x00, 0x4F, 0xF2, 0x5F, 0xFF, 0xFF, 0xF6, 0x05, 0xFF, 0xFF, 0xFF, 0x60, 0x5F, 0xFF,
    0xFF, 0xF6, 0x05, 0xFF, 0x00, 0x00, 0x00, 0x5F, 0xF8, 0x77, 0x61, 0x04, 0xFF, 0xFF, 0xFF, 0xB0,
    0x1E, 0xFF, 0xFF, 0xFF, 0x10, 0x26, 0x77, 0x9F, 0xF2, 0x00, 0x00, 0x03, 0xFF, 0x25, 0xFF, 0xFF,
    0xFF, 0xF2, 0x5F, 0xFF, 0xFF, 0xFF, 0x25, 0xFF, 0xFF, 0xFF, 0xF2, 0x12, 0x22, 0x22, 0x22, 0x00,
    0xBF, 0xFF, 0xFF, 0xF2, 0xBF, 0xFF, 0xFF, 0xF2, 0xBF, 0xFF, 0xFF, 0xF2, 0x00, 0x8F, 0xC0, 0x00,
    0x00, 0x8F, 0xC0, 0x00, 0x00, 0x8F, 0xC0, 0x00, 0x00, 0x8F, 0xC0, 0x00, 0x00, 0x8F, 0xC0, 0x00,
    0x00, 0x8F, 0xC0, 0x00, 0x00, 0x8F, 0xC0, 0x00, 0x00, 0x8F, 0xC0, 0x00, 0x00, 0x8F, 0xC0, 0x00,
    0x4F, 0xF2, 0x00, 0xBF, 0x94, 0xFF, 0x20, 0x0B, 0xF9, 0x4F, 0xF2, 0x00, 0xBF, 0x94, 0xFF, 0x20,
    0x0B, 0xF9, 0x4F, 0xF2, 0x00, 0xBF, 0x94, 0xFF, 0x20, 0x0B, 0xF9, 0x4F, 0xF2, 0x00, 0xBF, 0x94,
    0xFF, 0x20, 0x0B, 0xF9, 0x4F, 0xF2, 0x00, 0xBF, 0x94, 0xFF, 0xFF, 0xFF, 0xF9, 0x4F, 0xFF, 0xFF,
    0xFF, 0x94, 0xFF, 0xFF, 0xFF, 0xF9, 0x13, 0x33, 0x33, 0x33, 0x20, 0xCF, 0x90, 0x06, 0xFE, 0x07,
    0xFD, 0x00, 0xAF, 0xA0, 0x2F, 0xF2, 0x0E, 0xF5, 0x00, 0xDF, 0x64, 0xFF, 0x10, 0x08, 0xFA, 0x8F,
    0xB0, 0x00, 0x4F, 0xED, 0xF6, 0x00, 0x00, 0xEF, 0xFF, 0x20, 0x00, 0x09, 0xFF, 0xC0, 0x00, 0x00,
    0x5F, 0xF7, 0x00, 0x00, 0x01, 0xFF, 0x30, 0x00, 0x00, 0x0B, 0xD0, 0x00, 0x00, 0x00, 0x69, 0x00,
    0x00, 0x00, 0x02, 0x40, 0x00, 0x00, 0x00, 0x00, 0x00, 0x00, 0xCF, 0xC0, 0x05, 0xFF, 0x50, 0x0B,
    0xFB, 0x7F, 0xF0, 0x0A, 0xFF, 0xA0, 0x1F, 0xF7, 0x3F, 0xF4, 0x1E, 0xFF, 0xE0, 0x4F, 0xF2, 0x0E,
    0xF7, 0x5F, 0xFF, 0xF4, 0x8F, 0xD0, 0x09, 0xFB, 0xAF, 0xDE, 0xF8, 0xDF, 0x80, 0x05, 0xFE, 0xEF,
    0x79, 0xFE, 0xFF, 0x30, 0x01, 0xFF, 0xFF, 0x24, 0xFF, 0xFE, 0x00, 0x00, 0xCF, 0xFB, 0x00, 0xEF,
    0xF9, 0x00, 0x00, 0x7F, 0xF6, 0x00, 0x9F, 0xF4, 0x00, 0x00, 0x3F, 0xF1, 0x00, 0x4F, 0xE0, 0x00,
    0x00, 0x0E, 0xA0, 0x00, 0x0E, 0xA0, 0x00, 0x00, 0x09, 0x50, 0x00, 0x09, 0x50, 0x00, 0x00, 0x04,
    0x10, 0x00, 0x04, 0x10, 0x00, 0x9F, 0xF2, 0x0C, 0xFA, 0x3F, 0xF8, 0x2F, 0xF5, 0x0C, 0xFD, 0x8F,
    0xE0, 0x05, 0xFF, 0xEF, 0x80, 0x00, 0xEF, 0xFF, 0x30, 0x00, 0x9F, 0xFC, 0x00, 0x00, 0xCF, 0xFE,
    0x00, 0x02, 0xFF, 0xFF, 0x50, 0x08, 0xFE, 0xFF, 0xA0, 0x0D, 0xFA, 0xBF, 0xF1, 0x4F, 0xF5, 0x6F,
    0xF6, 0x9F, 0xE1, 0x2F, 0xFB, 0xBF, 0xB0, 0x0D, 0xF8, 0x6F, 0xF2, 0x3F, 0xF2, 0x1E, 0xF8, 0x9F,
    0xB0, 0x09, 0xFD, 0xEF, 0x50, 0x03, 0xFF, 0xFE, 0x00, 0x00, 0xCF, 0xF8, 0x00, 0x00, 0x7F, 0xF2,
    0x00, 0x00, 0x5F, 0xF1, 0x00, 0x00, 0x5F, 0xF1, 0x00, 0x00, 0x5F, 0xF1, 0x00, 0x00, 0x5F, 0xF1,
    0x00, 0x00, 0x5F, 0xF1, 0x00, 0x9F, 0xFF, 0xFF, 0xF0, 0x9F, 0xFF, 0xFF, 0xF0, 0x9F, 0xFF, 0xFF,
    0xC0, 0x00, 0x04, 0xFF, 0x40, 0x00, 0x0C, 0xFC, 0x00, 0x00, 0x5F, 0xF4, 0x00, 0x00, 0xDF, 0xB0,
    0x00, 0x06, 0xFF, 0x40, 0x00, 0x1E, 0xFB, 0x00, 0x00, 0x7F, 0xFF, 0xFF, 0xF1, 0xAF, 0xFF, 0xFF,
    0xF1, 0xAF, 0xFF, 0xFF, 0xF1, 0x12, 0x22, 0x22, 0x20, 0x4E, 0xEE, 0xEE, 0xEE, 0x15, 0xFF, 0xFF,
    0xFF, 0xF1, 0x5F, 0xFF, 0xFF, 0xFF, 0x10, 0x00, 0x00, 0x5F, 0xF1, 0x5F, 0xFF, 0xFF, 0xFF, 0x15,
    0xFF, 0xFF, 0xFF, 0xF1, 0x5F, 0xF1, 0x16, 0xFF, 0x14, 0xFF, 0xFF, 0xFF, 0xF1, 0x2F, 0xFF, 0xFF,
    0xFF, 0x10, 0x7C, 0xDD, 0xDD, 0xD1, 0x12, 0x22, 0x22, 0x22, 0x04, 0xFF, 0xFF, 0xFF, 0xF1, 0x4F,
    0xFF, 0xFF, 0xFF, 0x14, 0xFF, 0xFF, 0xFF, 0xF1, 0x4F, 0xF1, 0x05, 0xFF, 0x14, 0xFF, 0x10, 0x5F,
    0xF1, 0x4F, 0xF2, 0x16, 0xFF, 0x14, 0xFF, 0xFF, 0xFF, 0xF1, 0x4F, 0xFF, 0xFF, 0xFF, 0x14, 0xFF,
    0xFF, 0xFF, 0xF1, 0x00, 0x00, 0x05, 0xFF, 0x10, 0x06, 0x77, 0xBF, 0xF1, 0x00, 0xDF, 0xFF, 0xFF,
    0x00, 0x0D, 0xFF, 0xFF, 0xC0, 0x00, 0x9A, 0xAA, 0x92, 0x00, 0x4F, 0xF1, 0x00, 0x00, 0x04, 0xFF,
    0x10, 0x00, 0x00, 0x4F, 0xFF, 0xFF, 0xFF, 0x44, 0xFF, 0xFF, 0xFF, 0xF4, 0x4F, 0xFF, 0xFF, 0xFF,
    0x44, 0xFF, 0xFF, 0xFF, 0xF4, 0x4F, 0xF1, 0x02, 0xFF, 0x44, 0xFF, 0x10, 0x2F, 0xF4, 0x4F, 0xF1,
    0x02, 0xFF, 0x44, 0xFF, 0x10, 0x2F, 0xF4, 0x4F, 0xF1, 0x02, 0xFF, 0x44, 0xFF, 0x10, 0x2F, 0xF4,
    0x4F, 0xFF, 0xFF, 0xFF, 0xFF, 0xFF, 0x24, 0xFF, 0xFF, 0xFF, 0xFF, 0xFF, 0xF2, 0x4F, 0xFF, 0xFF,
    0xFF, 0xFF, 0xFF, 0x24, 0xFF, 0xFF, 0xFF, 0xFF, 0xFF, 0xF2, 0x4F, 0xF1, 0x0B, 0xF9, 0x04, 0xFF,
    0x24, 0xFF, 0x10, 0xBF, 0x90, 0x4F, 0xF2, 0x4F, 0xF1, 0x0B, 0xF9, 0x04, 0xFF, 0x24, 0xFF, 0x10,
    0xBF, 0x90, 0x4F, 0xF2, 0x4F, 0xF1, 0x0B, 0xF9, 0x04, 0xFF, 0x24, 0xFF, 0x10, 0xBF, 0x90, 0x4F,
    0xF2, 0x4F, 0xFF, 0xFF, 0xFF, 0x14, 0xFF, 0xFF, 0xFF, 0xF1, 0x4F, 0xFF, 0xFF, 0xFF, 0x14, 0xFF,
    0xFF, 0xFF, 0xF1, 0x4F, 0xF1, 0x05, 0xFF, 0x14, 0xFF, 0x10, 0x5F, 0xF1, 0x4F, 0xF1, 0x05, 0xFF,
    0x14, 0xFF, 0xDC, 0xDF, 0xF1, 0x4F, 0xFF, 0xFF, 0xFF, 0x14, 0xFF, 0xFF, 0xFF, 0xF1, 0x4F, 0xF5,
    0x44, 0x44, 0x04, 0xFF, 0x10, 0x00, 0x00, 0x4F, 0xF1, 0x00, 0x00, 0x00,
};

static const char SMOOTH_FOCUS_UNIT_CHARS[] = "%CHagmp";
static const SmoothGlyph SMOOTH_FOCUS_UNIT_GLYPHS[] PROGMEM = {
    {0, 38, 33, 0, -33, 38}, // %
    {627, 22, 34, 0, -34, 22}, // C
    {1001, 24, 33, 0, -33, 24}, // H
    {1397, 23, 27, 0, -26, 23}, // a
    {1708, 23, 38, 0, -26, 23}, // g
    {2145, 34, 26, 0, -26, 34}, // m
    {2587, 23, 33, 0, -26, 23}, // p
};

static const uint8_t SMOOTH_FOCUS_UNIT_PIXELS[] PROGMEM = {
    0x01, 0xFF, 0xFF, 0xFF, 0xFF, 0xFF, 0xF2, 0x00, 0x00, 0x00, 0x00, 0x00, 0x00, 0x09, 0xFF, 0xFF,
    0xC0, 0x00, 0x00, 0x01, 0xFF, 0xFF, 0xFF, 0xFF, 0xFF, 0xF2, 0x00, 0x00, 0x00, 0x00, 0x00, 0x00,
    0x4F, 0xFF, 0xFE, 0x20, 0x00, 0x00, 0x01, 0xFF, 0xFF, 0xFF, 0xFF, 0xFF, 0xF2, 0x00, 0x00, 0x00,
    0x00, 0x00, 0x01, 0xDF, 0xFF, 0xF6, 0x00, 0x00, 0x00, 0x01, 0xFF, 0xFF, 0xFF, 0xFF, 0xFF, 0xF2,
    0x00, 0x00, 0x00, 0x00, 0x00, 0x0A, 0xFF, 0xFF, 0xB0, 0x00, 0x00, 0x00, 0x01, 0xFF, 0xF6, 0x00,
    0x04, 0xFF, 0xF2, 0x00, 0x00, 0x00, 0x00, 0x00, 0x5F, 0xFF, 0xFE, 0x10, 0x00, 0x00, 0x00, 0x01,
    0xFF, 0xF6, 0x00, 0x04, 0xFF, 0xF2, 0x00, 0x00, 0x00, 0x00, 0x02, 0xEF, 0xFF, 0xF5, 0x00, 0x00,
    0x00, 0x00, 0x01, 0xFF, 0xF6, 0x00, 0x04, 0xFF, 0xF2, 0x00, 0x00, 0x00, 0x00, 0x0B, 0xFF, 0xFF,
    0x90, 0x00, 0x00, 0x00, 0x00, 0x01, 0xFF, 0xF6, 0x00, 0x04, 0xFF, 0xF2, 0x00, 0x00, 0x00, 0x00,
    0x7F, 0xFF, 0xFD, 0x10, 0x00, 0x00, 0x00, 0x00, 0x01, 0xFF, 0xF6, 0x00, 0x04, 0xFF, 0xF2, 0x00,
    0x00, 0x00, 0x03, 0xFF, 0xFF, 0xF4, 0x00, 0x00, 0x00, 0x00, 0x00, 0x01, 0xFF, 0xF6, 0x00, 0x04,
    0xFF, 0xF2, 0x00, 0x00, 0x00, 0x0C, 0xFF, 0xFF, 0x80, 0x00, 0x00, 0x00, 0x00, 0x00, 0x01, 0xFF,
    0xF6, 0x00, 0x04, 0xFF, 0xF2, 0x00, 0x00, 0x00, 0x8F, 0xFF, 0xFC, 0x00, 0x00, 0x00, 0x00, 0x00,
    0x00, 0x01, 0xFF, 0xF6, 0x00, 0x04, 0xFF, 0xF2, 0x00, 0x00, 0x04, 0xFF, 0xFF, 0xF2, 0x00, 0x00,
    0x00, 0x00, 0x00, 0x00, 0x01, 0xFF, 0xF6, 0x00, 0x04, 0xFF, 0xF2, 0x00, 0x00, 0x1D, 0xFF, 0xFF,
    0x60, 0x00, 0x00, 0x00, 0x00, 0x00, 0x00, 0x01, 0xFF, 0xFA, 0x77, 0x79, 0xFF, 0xF2, 0x00, 0x00,
    0x9F, 0xFF, 0xFB, 0x00, 0x00, 0x00, 0x00, 0x00, 0x00, 0x00, 0x01, 0xFF, 0xFF, 0xFF, 0xFF, 0xFF,
    0xF2, 0x00, 0x05, 0xFF, 0xFF, 0xE2, 0x00, 0x00, 0x00, 0x00, 0x00, 0x00, 0x00, 0x01, 0xFF, 0xFF,
    0xFF, 0xFF, 0xFF, 0xF2, 0x00, 0x1E, 0xFF, 0xFF, 0x50, 0x3F, 0xFF, 0xFF, 0xFF, 0xFF, 0xFE, 0x00,
    0x01, 0xFF, 0xFF, 0xFF, 0xFF, 0xFF, 0xF2, 0x00, 0xBF, 0xFF, 0xFA, 0x00, 0x3F, 0xFF, 0xFF, 0xFF,
    0xFF, 0xFE, 0x00, 0x01, 0xEE, 0xEE, 0xEE, 0xEE, 0xEE, 0xE2, 0x06, 0xFF, 0xFF, 0xD1, 0x00, 0x3F,
    0xFF, 0xFF, 0xFF, 0xFF, 0xFE, 0x00, 0x00, 0x00, 0x00, 0x00, 0x00, 0x00, 0x00, 0x2E, 0xFF, 0xFF,
    0x40, 0x00, 0x3F, 0xFF, 0xFF, 0xFF, 0xFF, 0xFE, 0x00, 0x00, 0x00, 0x00, 0x00, 0x00, 0x00, 0x00,
    0xCF, 0xFF, 0xF8, 0x00, 0x00, 0x3F, 0xFF, 0x30, 0x00, 0x7F, 0xFE, 0x00, 0x00, 0x00, 0x00, 0x00,
    0x00, 0x00, 0x07, 0xFF, 0xFF, 0xC0, 0x00, 0x00, 0x3F, 0xFF, 0x30, 0x00, 0x7F, 0xFE, 0x00, 0x00,
    0x00, 0x00, 0x00, 0x00, 0x00, 0x3F, 0xFF, 0xFF, 0x30, 0x00, 0x00, 0x3F, 0xFF, 0x30, 0x00, 0x7F,
    0xFE, 0x00, 0x00, 0x00, 0x00, 0x00, 0x00, 0x01, 0xDF, 0xFF, 0xF7, 0x00, 0x00, 0x00, 0x3F, 0xFF,
    0x30, 0x00, 0x7F, 0xFE, 0x00, 0x00, 0x00, 0x00, 0x00, 0x00, 0x09, 0xFF, 0xFF, 0xB0, 0x00, 0x00,
    0x00, 0x3F, 0xFF, 0x30, 0x00, 0x7F, 0xFE, 0x00, 0x00, 0x00, 0x00, 0x00, 0x00, 0x4F, 0xFF, 0xFE,
    0x20, 0x00, 0x00, 0x00, 0x3F, 0xFF, 0x30, 0x00, 0x7F, 0xFE, 0x00, 0x00, 0x00, 0x00, 0x00, 0x01,
    0xEF, 0xFF, 0xF5, 0x00, 0x00, 0x00, 0x00, 0x3F, 0xFF, 0x30, 0x00, 0x7F, 0xFE, 0x00, 0x00, 0x00,
    0x00, 0x00, 0x0A, 0xFF, 0xFF, 0xA0, 0x00, 0x00, 0x00, 0x00, 0x3F, 0xFF, 0x30, 0x00, 0x7F, 0xFE,
    0x00, 0x00, 0x00, 0x00, 0x00, 0x6F, 0xFF, 0xFD, 0x10, 0x00, 0x00, 0x00, 0x00, 0x3F, 0xFF, 0x30,
    0x00, 0x7F, 0xFE, 0x00, 0x00, 0x00, 0x00, 0x02, 0xEF, 0xFF, 0xF4, 0x00, 0x00, 0x00, 0x00, 0x00,
    0x3F, 0xFF, 0xCB, 0xBB, 0xDF, 0xFE, 0x00, 0x00, 0x00, 0x00, 0x0B, 0xFF, 0xFF, 0x80, 0x00, 0x00,
    0x00, 0x00, 0x00, 0x3F, 0xFF, 0xFF, 0xFF, 0xFF, 0xFE, 0x00, 0x00, 0x00, 0x00, 0x7F, 0xFF, 0xFD,
    0x00, 0x00, 0x00, 0x00, 0x00, 0x00, 0x3F, 0xFF, 0xFF, 0xFF, 0xFF, 0xFE, 0x00, 0x00, 0x00, 0x03,
    0xFF, 0xFF, 0xF3, 0x00, 0x00, 0x00, 0x00, 0x00, 0x00, 0x3F, 0xFF, 0xFF, 0xFF, 0xFF, 0xFE, 0x00,
    0x00, 0x00, 0x0C, 0xFF, 0xFF, 0x70, 0x00, 0x00, 0x00, 0x00, 0x00, 0x00, 0x3F, 0xFF, 0xFF, 0xFF,
    0xFF, 0xFE, 0x00, 0x00, 0x00, 0x00, 0x00, 0x00, 0x00, 0x00, 0x00, 0x00, 0x00, 0x00, 0x00, 0x00,
    0x5B, 0xEF, 0xFF, 0xFF, 0xFF, 0xFF, 0xFF, 0xFF, 0xF2, 0x00, 0x09, 0xFF, 0xFF, 0xFF, 0xFF, 0xFF,
    0xFF, 0xFF, 0xFF, 0xF2, 0x00, 0x4F, 0xFF, 0xFF, 0xFF, 0xFF, 0xFF, 0xFF, 0xFF, 0xFF, 0xF2, 0x00,
    0x9F, 0xFF, 0xFF, 0xFF, 0xFF, 0xFF, 0xFF, 0xFF, 0xFF, 0xF2, 0x00, 0xCF, 0xFF, 0xFF, 0xFF, 0xFF,
    0xFF, 0xFF, 0xFF, 0xFF, 0xF2, 0x00, 0xEF, 0xFF, 0xFF, 0xFF, 0xFF, 0xFF, 0xFF, 0xFF, 0xFF, 0xF2,
    0x00, 0xFF, 0xFF, 0xFF, 0xFF, 0xFF, 0xFF, 0xFF, 0xFF, 0xFF, 0xF2, 0x01, 0xFF, 0xFF, 0xFF, 0xFF,
    0xFF, 0xFF, 0xFF, 0xFF, 0xFF, 0xF2, 0x01, 0xFF, 0xFF, 0xFF, 0xE7, 0x66, 0x66, 0x66, 0x66, 0x66,
    0x61, 0x01, 0xFF, 0xFF, 0xFF, 0x60, 0x00, 0x00, 0x00, 0x00, 0x00, 0x00, 0x01, 0xFF, 0xFF, 0xFF,
    0x30, 0x00, 0x00, 0x00, 0x00, 0x00, 0x00, 0x01, 0xFF, 0xFF, 0xFF, 0x30, 0x00, 0x00, 0x00, 0x00,
    0x00, 0x00, 0x01, 0xFF, 0xFF, 0xFF, 0x30, 0x00, 0x00, 0x00, 0x00, 0x00, 0x00, 0x01, 0xFF, 0xFF,
    0xFF, 0x30, 0x00, 0x00, 0x00, 0x00, 0x00, 0x00, 0x01, 0xFF, 0xFF, 0xFF, 0x30, 0x00, 0x00, 0x00,
    0x00, 0x00, 0x00, 0x01, 0xFF, 0xFF, 0xFF, 0x30, 0x00, 0x00, 0x00, 0x00, 0x00, 0x00, 0x01, 0xFF,
    0xFF, 0xFF, 0x30, 0x00, 0x00, 0x00, 0x00, 0x00, 0x00, 0x01, 0xFF, 0xFF, 0xFF, 0x30, 0x00, 0x00,
    0x00, 0x00, 0x00, 0x00, 0x01, 0xFF, 0xFF, 0xFF, 0x30, 0x00, 0x00, 0x00, 0x00, 0x00, 0x00, 0x01,
    0xFF, 0xFF, 0xFF, 0x30, 0x00, 0x00, 0x00, 0x00, 0x00, 0x00, 0x01, 0xFF, 0xFF, 0xFF, 0x30, 0x00,
    0x00, 0x00, 0x00, 0x00, 0x00, 0x01, 0xFF, 0xFF, 0xFF, 0x30, 0x00, 0x00, 0x00, 0x00, 0x00, 0x00,
    0x01, 0xFF, 0xFF, 0xFF, 0x30, 0x00, 0x00, 0x00, 0x00, 0x00, 0x00, 0x01, 0xFF, 0xFF, 0xFF, 0x60,
    0x00, 0x00, 0x00, 0x00, 0x00, 0x00, 0x01, 0xFF, 0xFF, 0xFF, 0xE8, 0x66, 0x66, 0x66, 0x66, 0x66,
    0x61, 0x01, 0xFF, 0xFF, 0xFF, 0xFF, 0xFF, 0xFF, 0xFF, 0xFF, 0xFF, 0xF2, 0x00, 0xFF, 0xFF, 0xFF,
    0xFF, 0xFF, 0xFF, 0xFF, 0xFF, 0xFF, 0xF2, 0x00, 0xEF, 0xFF, 0xFF, 0xFF, 0xFF, 0xFF, 0xFF, 0xFF,
    0xFF, 0xF2, 0x00, 0xCF, 0xFF, 0xFF, 0xFF, 0xFF, 0xFF, 0xFF, 0xFF, 0xFF, 0xF2, 0x00, 0x9F, 0xFF,
    0xFF, 0xFF, 0xFF, 0xFF, 0xFF, 0xFF, 0xFF, 0xF2, 0x00, 0x4F, 0xFF, 0xFF, 0xFF, 0xFF, 0xFF, 0xFF,
    0xFF, 0xFF, 0xF2, 0x00, 0x09, 0xFF, 0xFF, 0xFF, 0xFF, 0xFF, 0xFF, 0xFF, 0xFF, 0xF2, 0x00, 0x00,
    0x5B, 0xDF, 0xFF, 0xFF, 0xFF, 0xFF, 0xFF, 0xFF, 0xF2, 0x01, 0xFF, 0xFF, 0xFF, 0x30, 0x00, 0x00,
    0x0A, 0xFF, 0xFF, 0xFB, 0x00, 0x01, 0xFF, 0xFF, 0xFF, 0x30, 0x00, 0x00, 0x0A, 0xFF, 0xFF, 0xFB,
    0x00, 0x01, 0xFF, 0xFF, 0xFF, 0x30, 0x00, 0x00, 0x0A, 0xFF, 0xFF, 0xFB, 0x00, 0x01, 0xFF, 0xFF,
    0xFF, 0x30, 0x00, 0x00, 0x0A, 0xFF, 0xFF, 0xFB, 0x00, 0x01, 0xFF, 0xFF, 0xFF, 0x30, 0x00, 0x00,
    0x0A, 0xFF, 0xFF, 0xFB, 0x00, 0x01, 0xFF, 0xFF, 0xFF, 0x30, 0x00, 0x00, 0x0A, 0xFF, 0xFF, 0xFB,
    0x00, 0x01, 0xFF, 0xFF, 0xFF, 0x30, 0x00, 0x00, 0x0A, 0xFF, 0xFF, 0xFB, 0x00, 0x01, 0xFF, 0xFF,
    0xFF, 0x30, 0x00, 0x00, 0x0A, 0xFF, 0xFF, 0xFB, 0x00, 0x01, 0xFF, 0xFF, 0xFF, 0x30, 0x00, 0x00,
    0x0A, 0xFF, 0xFF, 0xFB, 0x00, 0x01, 0xFF, 0xFF, 0xFF, 0x30, 0x00, 0x00, 0x0A, 0xFF, 0xFF, 0xFB,
    0x00, 0x01, 0xFF, 0xFF, 0xFF, 0x30, 0x00, 0x00, 0x0A, 0xFF, 0xFF, 0xFB, 0x00, 0x01, 0xFF, 0xFF,
    0xFF, 0x30, 0x00, 0x00, 0x0A, 0xFF, 0xFF, 0xFB, 0x00, 0x01, 0xFF, 0xFF, 0xFF, 0xFF, 0xFF, 0xFF,
    0xFF, 0xFF, 0xFF, 0xFB, 0x00, 0x01, 0xFF, 0xFF, 0xFF, 0xFF, 0xFF, 0xFF, 0xFF, 0xFF, 0xFF, 0xFB,
    0x00, 0x01, 0xFF, 0xFF, 0xFF, 0xFF, 0xFF, 0xFF, 0xFF, 0xFF, 0xFF, 0xFB, 0x00, 0x01, 0xFF, 0xFF,
    0xFF, 0xFF, 0xFF, 0xFF, 0xFF, 0xFF, 0xFF, 0xFB, 0x00, 0x01, 0xFF, 0xFF, 0xFF, 0xFF, 0xFF, 0xFF,
    0xFF, 0xFF, 0xFF, 0xFB, 0x00, 0x01, 0xFF, 0xFF, 0xFF, 0xFF, 0xFF, 0xFF, 0xFF, 0xFF, 0xFF, 0xFB,
    0x00, 0x01, 0xFF, 0xFF, 0xFF, 0xFF, 0xFF, 0xFF, 0xFF, 0xFF, 0xFF, 0xFB, 0x00, 0x01, 0xFF, 0xFF,
    0xFF, 0xFF, 0xFF, 0xFF, 0xFF, 0xFF, 0xFF, 0xFB, 0x00, 0x01, 0xFF, 0xFF, 0xFF, 0xFF, 0xFF, 0xFF,
    0xFF, 0xFF, 0xFF, 0xFB, 0x00, 0x01, 0xFF, 0xFF, 0xFF, 0x30, 0x00, 0x00, 0x0A, 0xFF, 0xFF, 0xFB,
    0x00, 0x01, 0xFF, 0xFF, 0xFF, 0x30, 0x00, 0x00, 0x0A, 0xFF, 0xFF, 0xFB, 0x00, 0x01, 0xFF, 0xFF,
    0xFF, 0x30, 0x00, 0x00, 0x0A, 0xFF, 0xFF, 0xFB, 0x00, 0x01, 0xFF, 0xFF, 0xFF, 0x30, 0x00, 0x00,
    0x0A, 0xFF, 0xFF, 0xFB, 0x00, 0x01, 0xFF, 0xFF, 0xFF, 0x30, 0x00, 0x00, 0x0A, 0xFF, 0xFF, 0xFB,
    0x00, 0x01, 0xFF, 0xFF, 0xFF, 0x30, 0x00, 0x00, 0x0A, 0xFF, 0xFF, 0xFB, 0x00, 0x01, 0xFF, 0xFF,
    0xFF, 0x30, 0x00, 0x00, 0x0A, 0xFF, 0xFF, 0xFB, 0x00, 0x01, 0xFF, 0xFF, 0xFF, 0x30, 0x00, 0x00,
    0x0A, 0xFF, 0xFF, 0xFB, 0x00, 0x01, 0xFF, 0xFF, 0xFF, 0x30, 0x00, 0x00, 0x0A, 0xFF, 0xFF, 0xFB,
    0x00, 0x01, 0xFF, 0xFF, 0xFF, 0x30, 0x00, 0x00, 0x0A, 0xFF, 0xFF, 0xFB, 0x00, 0x01, 0xFF, 0xFF,
    0xFF, 0x30, 0x00, 0x00, 0x0A, 0xFF, 0xFF, 0xFB, 0x00, 0x01, 0xFF, 0xFF, 0xFF, 0x30, 0x00, 0x00,
    0x0A, 0xFF, 0xFF, 0xFB, 0x00, 0x02, 0xCC, 0xCC, 0xCC, 0xCC, 0xCC, 0xCC, 0xCC, 0xCC, 0xCC, 0xC6,
    0x00, 0x2F, 0xFF, 0xFF, 0xFF, 0xFF, 0xFF, 0xFF, 0xFF, 0xFF, 0xFF, 0x70, 0x02, 0xFF, 0xFF, 0xFF,
    0xFF, 0xFF, 0xFF, 0xFF, 0xFF, 0xFF, 0xF7, 0x00, 0x2F, 0xFF, 0xFF, 0xFF, 0xFF, 0xFF, 0xFF, 0xFF,
    0xFF, 0xFF, 0x70, 0x02, 0xFF, 0xFF, 0xFF, 0xFF, 0xFF, 0xFF, 0xFF, 0xFF, 0xFF, 0xF7, 0x00, 0x2F,
    0xFF, 0xFF, 0xFF, 0xFF, 0xFF, 0xFF, 0xFF, 0xFF, 0xFF, 0x70, 0x02, 0xFF, 0xFF, 0xFF, 0xFF, 0xFF,
    0xFF, 0xFF, 0xFF, 0xFF, 0xF7, 0x00, 0x2F, 0xFF, 0xFF, 0xFF, 0xFF, 0xFF, 0xFF, 0xFF, 0xFF, 0xFF,
    0x70, 0x00, 0x00, 0x00, 0x00, 0x00, 0x00, 0x00, 0x0E, 0xFF, 0xFF, 0xF7, 0x00, 0x00, 0x00, 0x00,
    0x00, 0x00, 0x00, 0x00, 0xEF, 0xFF, 0xFF, 0x70, 0x00, 0x00, 0x00, 0x00, 0x00, 0x00, 0x00, 0x0E,
    0xFF, 0xFF, 0xF7, 0x00, 0x2F, 0xFF, 0xFF, 0xFF, 0xFF, 0xFF, 0xFF, 0xFF, 0xFF, 0xFF, 0x70, 0x02,
    0xFF, 0xFF, 0xFF, 0xFF, 0xFF, 0xFF, 0xFF, 0xFF, 0xFF, 0xF7, 0x00, 0x2F, 0xFF, 0xFF, 0xFF, 0xFF,
    0xFF, 0xFF, 0xFF, 0xFF, 0xFF, 0x70, 0x02, 0xFF, 0xFF, 0xFF, 0xFF, 0xFF, 0xFF, 0xFF, 0xFF, 0xFF,
    0xF7, 0x00, 0x2F, 0xFF, 0xFF, 0xFF, 0xFF, 0xFF, 0xFF, 0xFF, 0xFF, 0xFF, 0x70, 0x02, 0xFF, 0xFF,
    0xFE, 0x00, 0x00, 0x00, 0x0E, 0xFF, 0xFF, 0xF7, 0x00, 0x2F, 0xFF, 0xFF, 0xF0, 0x00, 0x00, 0x00,
    0xEF, 0xFF, 0xFF, 0x70, 0x02, 0xFF, 0xFF, 0xFF, 0xA7, 0x77, 0x77, 0x7F, 0xFF, 0xFF, 0xF7, 0x00,
    0x2F, 0xFF, 0xFF, 0xFF, 0xFF, 0xFF, 0xFF, 0xFF, 0xFF, 0xFF, 0x70, 0x01, 0xFF, 0xFF, 0xFF, 0xFF,
    0xFF, 0xFF, 0xFF, 0xFF, 0xFF, 0xF7, 0x00, 0x0E, 0xFF, 0xFF, 0xFF, 0xFF, 0xFF, 0xFF, 0xFF, 0xFF,
    0xFF, 0x70, 0x00, 0xCF, 0xFF, 0xFF, 0xFF, 0xFF, 0xFF, 0xFF, 0xFF, 0xFF, 0xF7, 0x00, 0x07, 0xFF,
    0xFF, 0xFF, 0xFF, 0xFF, 0xFF, 0xFF, 0xFF, 0xFF, 0x70, 0x00, 0x1D, 0xFF, 0xFF, 0xFF, 0xFF, 0xFF,
    0xFF, 0xFF, 0xFF, 0xF7, 0x00, 0x00, 0x1A, 0xFF, 0xFF, 0xFF, 0xFF, 0xFF, 0xFF, 0xFF, 0xFF, 0x70,
    0x00, 0x00, 0x00, 0x34, 0x44, 0x44, 0x44, 0x44, 0x44, 0x44, 0x42, 0x00, 0x00, 0x77, 0x77, 0x77,
    0x77, 0x77, 0x77, 0x77, 0x77, 0x77, 0x73, 0x00, 0x1F, 0xFF, 0xFF, 0xFF, 0xFF, 0xFF, 0xFF, 0xFF,
    0xFF, 0xFF, 0x70, 0x01, 0xFF, 0xFF, 0xFF, 0xFF, 0xFF, 0xFF, 0xFF, 0xFF, 0xFF, 0xF7, 0x00, 0x1F,
    0xFF, 0xFF, 0xFF, 0xFF, 0xFF, 0xFF, 0xFF, 0xFF, 0xFF, 0x70, 0x01, 0xFF, 0xFF, 0xFF, 0xFF, 0xFF,
    0xFF, 0xFF, 0xFF, 0xFF, 0xF7, 0x00, 0x1F, 0xFF, 0xFF, 0xFF, 0xFF, 0xFF, 0xFF, 0xFF, 0xFF, 0xFF,
    0x70, 0x01, 0xFF, 0xFF, 0xFF, 0xFF, 0xFF, 0xFF, 0xFF, 0xFF, 0xFF, 0xF7, 0x00, 0x1F, 0xFF, 0xFF,
    0xFF, 0xFF, 0xFF, 0xFF, 0xFF, 0xFF, 0xFF, 0x70, 0x01, 0xFF, 0xFF, 0xFF, 0xFF, 0xFF, 0xFF, 0xFF,
    0xFF, 0xFF, 0xF7, 0x00, 0x1F, 0xFF, 0xFF, 0xF3, 0x00, 0x00, 0x00, 0xEF, 0xFF, 0xFF, 0x70, 0x01,
    0xFF, 0xFF, 0xFF, 0x30, 0x00, 0x00, 0x0E, 0xFF, 0xFF, 0xF7, 0x00, 0x1F, 0xFF, 0xFF, 0xF3, 0x00,
    0x00, 0x00, 0xEF, 0xFF, 0xFF, 0x70, 0x01, 0xFF, 0xFF, 0xFF, 0x30, 0x00, 0x00, 0x0E, 0xFF, 0xFF,
    0xF7, 0x00, 0x1F, 0xFF, 0xFF, 0xF3, 0x00, 0x00, 0x00, 0xEF, 0xFF, 0xFF, 0x70, 0x01, 0xFF, 0xFF,
    0xFF, 0x30, 0x00, 0x00, 0x0E, 0xFF, 0xFF, 0xF7, 0x00, 0x1F, 0xFF, 0xFF, 0xF3, 0x00, 0x00, 0x00,
    0xEF, 0xFF, 0xFF, 0x70, 0x01, 0xFF, 0xFF, 0xFF, 0x53, 0x33, 0x33, 0x3E, 0xFF, 0xFF, 0xF7, 0x00,
    0x1F, 0xFF, 0xFF, 0xFF, 0xFF, 0xFF, 0xFF, 0xFF, 0xFF, 0xFF, 0x70, 0x01, 0xFF, 0xFF, 0xFF, 0xFF,
    0xFF, 0xFF, 0xFF, 0xFF, 0xFF, 0xF7, 0x00, 0x1F, 0xFF, 0xFF, 0xFF, 0xFF, 0xFF, 0xFF, 0xFF, 0xFF,
    0xFF, 0x70, 0x01, 0xFF, 0xFF, 0xFF, 0xFF, 0xFF, 0xFF, 0xFF, 0xFF, 0xFF, 0xF7, 0x00, 0x1F, 0xFF,
    0xFF, 0xFF, 0xFF, 0xFF, 0xFF, 0xFF, 0xFF, 0xFF, 0x70, 0x01, 0xFF, 0xFF, 0xFF, 0xFF, 0xFF, 0xFF,
    0xFF, 0xFF, 0xFF, 0xF7, 0x00, 0x1F, 0xFF, 0xFF, 0xFF, 0xFF, 0xFF, 0xFF, 0xFF, 0xFF, 0xFF, 0x70,
    0x01, 0xFF, 0xFF, 0xFF, 0xFF, 0xFF, 0xFF, 0xFF, 0xFF, 0xFF, 0xF7, 0x00, 0x00, 0x00, 0x00, 0x00,
    0x00, 0x00, 0x00, 0xEF, 0xFF, 0xFF, 0x70, 0x00, 0x00, 0x00, 0x00, 0x00, 0x00, 0x00, 0x0E, 0xFF,
    0xFF, 0xF7, 0x00, 0x00, 0x00, 0x00, 0x00, 0x00, 0x00, 0x00, 0xEF, 0xFF, 0xFF, 0x70, 0x00, 0x00,
    0x00, 0x00, 0x00, 0x00, 0x00, 0x5F, 0xFF, 0xFF, 0xF7, 0x00, 0x00, 0x00, 0x3E, 0xEE, 0xEE, 0xEE,
    0xEF, 0xFF, 0xFF, 0xFF, 0x70, 0x00, 0x00, 0x04, 0xFF, 0xFF, 0xFF, 0xFF, 0xFF, 0xFF, 0xFF, 0xF6,
    0x00, 0x00, 0x00, 0x4F, 0xFF, 0xFF, 0xFF, 0xFF, 0xFF, 0xFF, 0xFF, 0x60, 0x00, 0x00, 0x04, 0xFF,
    0xFF, 0xFF, 0xFF, 0xFF, 0xFF, 0xFF, 0xF4, 0x00, 0x00, 0x00, 0x4F, 0xFF, 0xFF, 0xFF, 0xFF, 0xFF,
    0xFF, 0xFF, 0x20, 0x00, 0x00, 0x04, 0xFF, 0xFF, 0xFF, 0xFF, 0xFF, 0xFF, 0xFF, 0xC0, 0x00, 0x00,
    0x00, 0x4F, 0xFF, 0xFF, 0xFF, 0xFF, 0xFF, 0xFF, 0xF5, 0x00, 0x00, 0x00, 0x04, 0xFF, 0xFF, 0xFF,
    0xFF, 0xFF, 0xFF, 0xE6, 0x00, 0x00, 0x00, 0x00, 0x27, 0x77, 0x77, 0x77, 0x77, 0x66, 0x30, 0x00,
    0x00, 0x01, 0xFF, 0xFF, 0xFF, 0xFF, 0xFF, 0xFF, 0xFF, 0xFF, 0xFF, 0xFF, 0xFF, 0xFF, 0xFF, 0xFF,
    0xFF, 0x40, 0x01, 0xFF, 0xFF, 0xFF, 0xFF, 0xFF, 0xFF, 0xFF, 0xFF, 0xFF, 0xFF, 0xFF, 0xFF, 0xFF,
    0xFF, 0xFF, 0x40, 0x01, 0xFF, 0xFF, 0xFF, 0xFF, 0xFF, 0xFF, 0xFF, 0xFF, 0xFF, 0xFF, 0xFF, 0xFF,
    0xFF, 0xFF, 0xFF, 0x40, 0x01, 0xFF, 0xFF, 0xFF, 0xFF, 0xFF, 0xFF, 0xFF, 0xFF, 0xFF, 0xFF, 0xFF,
    0xFF, 0xFF, 0xFF, 0xFF, 0x40, 0x01, 0xFF, 0xFF, 0xFF, 0xFF, 0xFF, 0xFF, 0xFF, 0xFF, 0xFF, 0xFF,
    0xFF, 0xFF, 0xFF, 0xFF, 0xFF, 0x40, 0x01, 0xFF, 0xFF, 0xFF, 0xFF, 0xFF, 0xFF, 0xFF, 0xFF, 0xFF,
    0xFF, 0xFF, 0xFF, 0xFF, 0xFF, 0xFF, 0x40, 0x01, 0xFF, 0xFF, 0xFF, 0xFF, 0xFF, 0xFF, 0xFF, 0xFF,
    0xFF, 0xFF, 0xFF, 0xFF, 0xFF, 0xFF, 0xFF, 0x40, 0x01, 0xFF, 0xFF, 0xFF, 0xFF, 0xFF, 0xFF, 0xFF,
    0xFF, 0xFF, 0xFF, 0xFF, 0xFF, 0xFF, 0xFF, 0xFF, 0x40, 0x01, 0xFF, 0xFF, 0xFF, 0xFF, 0xFF, 0xFF,
    0xFF, 0xFF, 0xFF, 0xFF, 0xFF, 0xFF, 0xFF, 0xFF, 0xFF, 0x40, 0x01, 0xFF, 0xFF, 0xFF, 0x40, 0x00,
    0x00, 0xFF, 0xFF, 0xFF, 0x40, 0x00, 0x00, 0xFF, 0xFF, 0xFF, 0x40, 0x01, 0xFF, 0xFF, 0xFF, 0x40,
    0x00, 0x00, 0xFF, 0xFF, 0xFF, 0x40, 0x00, 0x00, 0xFF, 0xFF, 0xFF, 0x40, 0x01, 0xFF, 0xFF, 0xFF,
    0x40, 0x00, 0x00, 0xFF, 0xFF, 0xFF, 0x40, 0x00, 0x00, 0xFF, 0xFF, 0xFF, 0x40, 0x01, 0xFF, 0xFF,
    0xFF, 0x40, 0x00, 0x00, 0xFF, 0xFF, 0xFF, 0x40, 0x00, 0x00, 0xFF, 0xFF, 0xFF, 0x40, 0x01, 0xFF,
    0xFF, 0xFF, 0x40, 0x00, 0x00, 0xFF, 0xFF, 0xFF, 0x40, 0x00, 0x00, 0xFF, 0xFF, 0xFF, 0x40, 0x01,
    0xFF, 0xFF, 0xFF, 0x40, 0x00, 0x00, 0xFF, 0xFF, 0xFF, 0x40, 0x00, 0x00, 0xFF, 0xFF, 0xFF, 0x40,
    0x01, 0xFF, 0xFF, 0xFF, 0x40, 0x00, 0x00, 0xFF, 0xFF, 0xFF, 0x40, 0x00, 0x00, 0xFF, 0xFF, 0xFF,
    0x40, 0x01, 0xFF, 0xFF, 0xFF, 0x40, 0x00, 0x00, 0xFF, 0xFF, 0xFF, 0x40, 0x00, 0x00, 0xFF, 0xFF,
    0xFF, 0x40, 0x01, 0xFF, 0xFF, 0xFF, 0x40, 0x00, 0x00, 0xFF, 0xFF, 0xFF, 0x40, 0x00, 0x00, 0xFF,
    0xFF, 0xFF, 0x40, 0x01, 0xFF, 0xFF, 0xFF, 0x40, 0x00, 0x00, 0xFF, 0xFF, 0xFF, 0x40, 0x00, 0x00,
    0xFF, 0xFF, 0xFF, 0x40, 0x01, 0xFF, 0xFF, 0xFF, 0x40, 0x00, 0x00, 0xFF, 0xFF, 0xFF, 0x40, 0x00,
    0x00, 0xFF, 0xFF, 0xFF, 0x40, 0x01, 0xFF, 0xFF, 0xFF, 0x40, 0x00, 0x00, 0xFF, 0xFF, 0xFF, 0x40,
    0x00, 0x00, 0xFF, 0xFF, 0xFF, 0x40, 0x01, 0xFF, 0xFF, 0xFF, 0x40, 0x00, 0x00, 0xFF, 0xFF, 0xFF,
    0x40, 0x00, 0x00, 0xFF, 0xFF, 0xFF, 0x40, 0x01, 0xFF, 0xFF, 0xFF, 0x40, 0x00, 0x00, 0xFF, 0xFF,
    0xFF, 0x40, 0x00, 0x00, 0xFF, 0xFF, 0xFF, 0x40, 0x01, 0xFF, 0xFF, 0xFF, 0x40, 0x00, 0x00, 0xFF,
    0xFF, 0xFF, 0x40, 0x00, 0x00, 0xFF, 0xFF, 0xFF, 0x40, 0x01, 0xFF, 0xFF, 0xFF, 0x40, 0x00, 0x00,
    0xFF, 0xFF, 0xFF, 0x40, 0x00, 0x00, 0xFF, 0xFF, 0xFF, 0x40, 0x01, 0xFF, 0xFF, 0xFF, 0x40, 0x00,
    0x00, 0xFF, 0xFF, 0xFF, 0x40, 0x00, 0x00, 0xFF, 0xFF, 0xFF, 0x40, 0x01, 0xFF, 0xFF, 0xFF, 0xFF,
    0xFF, 0xFF, 0xFF, 0xFF, 0xFF, 0xF7, 0x00, 0x1F, 0xFF, 0xFF, 0xFF, 0xFF, 0xFF, 0xFF, 0xFF, 0xFF,
    0xFF, 0x70, 0x01, 0xFF, 0xFF, 0xFF, 0xFF, 0xFF, 0xFF, 0xFF, 0xFF, 0xFF, 0xF7, 0x00, 0x1F, 0xFF,
    0xFF, 0xFF, 0xFF, 0xFF, 0xFF, 0xFF, 0xFF, 0xFF, 0x70, 0x01, 0xFF, 0xFF, 0xFF, 0xFF, 0xFF, 0xFF,
    0xFF, 0xFF, 0xFF, 0xF7, 0x00, 0x1F, 0xFF, 0xFF, 0xFF, 0xFF, 0xFF, 0xFF, 0xFF, 0xFF, 0xFF, 0x70,
    0x01, 0xFF, 0xFF, 0xFF, 0xFF, 0xFF, 0xFF, 0xFF, 0xFF, 0xFF, 0xF7, 0x00, 0x1F, 0xFF, 0xFF, 0xFF,
    0xFF, 0xFF, 0xFF, 0xFF, 0xFF, 0xFF, 0x70, 0x01, 0xFF, 0xFF, 0xFF, 0xFF, 0xFF, 0xFF, 0xFF, 0xFF,
    0xFF, 0xF7, 0x00, 0x1F, 0xFF, 0xFF, 0xF4, 0x00, 0x00, 0x00, 0xDF, 0xFF, 0xFF, 0x70, 0x01, 0xFF,
    0xFF, 0xFF, 0x40, 0x00, 0x00, 0x0D, 0xFF, 0xFF, 0xF7, 0x00, 0x1F, 0xFF, 0xFF, 0xF4, 0x00, 0x00,
    0x00, 0xDF, 0xFF, 0xFF, 0x70, 0x01, 0xFF, 0xFF, 0xFF, 0x40, 0x00, 0x00, 0x0D, 0xFF, 0xFF, 0xF7,
    0x00, 0x1F, 0xFF, 0xFF, 0xF4, 0x00, 0x00, 0x00, 0xDF, 0xFF, 0xFF, 0x70, 0x01, 0xFF, 0xFF, 0xFF,
    0x40, 0x00, 0x00, 0x0D, 0xFF, 0xFF, 0xF7, 0x00, 0x1F, 0xFF, 0xFF, 0xF4, 0x00, 0x00, 0x00, 0xDF,
    0xFF, 0xFF, 0x70, 0x01, 0xFF, 0xFF, 0xFF, 0x40, 0x00, 0x00, 0x0D, 0xFF, 0xFF, 0xF7, 0x00, 0x1F,
    0xFF, 0xFF, 0xFA, 0x88, 0x88, 0x88, 0xEF, 0xFF, 0xFF, 0x70, 0x01, 0xFF, 0xFF, 0xFF, 0xFF, 0xFF,
    0xFF, 0xFF, 0xFF, 0xFF, 0xF7, 0x00, 0x1F, 0xFF, 0xFF, 0xFF, 0xFF, 0xFF, 0xFF, 0xFF, 0xFF, 0xFF,
    0x70, 0x01, 0xFF, 0xFF, 0xFF, 0xFF, 0xFF, 0xFF, 0xFF, 0xFF, 0xFF, 0xF7, 0x00, 0x1F, 0xFF, 0xFF,
    0xFF, 0xFF, 0xFF, 0xFF, 0xFF, 0xFF, 0xFF, 0x70, 0x01, 0xFF, 0xFF, 0xFF, 0xFF, 0xFF, 0xFF, 0xFF,
    0xFF, 0xFF, 0xF7, 0x00, 0x1F, 0xFF, 0xFF, 0xFF, 0xFF, 0xFF, 0xFF, 0xFF, 0xFF, 0xFF, 0x70, 0x01,
    0xFF, 0xFF, 0xFF, 0xFF, 0xFF, 0xFF, 0xFF, 0xFF, 0xFF, 0xF7, 0x00, 0x1F, 0xFF, 0xFF, 0xFC, 0xBB,
    0xBB, 0xBB, 0xBB, 0xBB, 0xBB, 0x50, 0x01, 0xFF, 0xFF, 0xFF, 0x40, 0x00, 0x00, 0x00, 0x00, 0x00,
    0x00, 0x00, 0x1F, 0xFF, 0xFF, 0xF4, 0x00, 0x00, 0x00, 0x00, 0x00, 0x00, 0x00, 0x01, 0xFF, 0xFF,
    0xFF, 0x40, 0x00, 0x00, 0x00, 0x00, 0x00, 0x00, 0x00, 0x1F, 0xFF, 0xFF, 0xF4, 0x00, 0x00, 0x00,
    0x00, 0x00, 0x00, 0x00, 0x01, 0xFF, 0xFF, 0xFF, 0x40, 0x00, 0x00, 0x00, 0x00, 0x00, 0x00, 0x00,
    0x1F, 0xFF, 0xFF, 0xF4, 0x00, 0x00, 0x00, 0x00, 0x00, 0x00, 0x00, 0x01, 0xFF, 0xFF, 0xFF, 0x40,
    0x00, 0x00, 0x00, 0x00, 0x00, 0x00, 0x00,
};

static const char SMOOTH_SUBSCRIPT_CHARS[] = "2O";
static const SmoothGlyph SMOOTH_SUBSCRIPT_GLYPHS[] PROGMEM = {
    {0, 5, 8, 0, -8, 5}, // 2
    {20, 6, 8, 0, -8, 6}, // O
};

static const uint8_t SMOOTH_SUBSCRIPT_PIXELS[] PROGMEM = {
    0x9F, 0xFF, 0xF9, 0xFF, 0xFF, 0x9C, 0x07, 0xF1, 0x67, 0xBE, 0x8F, 0xFF, 0xA9, 0xD3, 0x20, 0x9F,
    0xFF, 0xF9, 0xEE, 0xEE, 0x8F, 0xFF, 0xF2, 0x8F, 0xFF, 0xF2, 0x8D, 0x05, 0xF2, 0x8D, 0x05, 0xF2,
    0x8D, 0x05, 0xF2, 0x8E, 0x37, 0xF2, 0x8F, 0xFF, 0xF2, 0x6B, 0xBB, 0xB1,
};
